Fecha,Strike,Buy_price_call,Sell_price_call,Buy_price_put,Sell_price_put,T,Precio_call,Precio_put
2024-04-26,9000.0,2060.0,2120.0,,5.0,0.0054757015742642,2090.0,5.0
2024-04-26,9100.0,1960.0,2020.0,,5.0,0.0054757015742642,1990.0,5.0
2024-04-26,9200.0,1860.0,1920.0,,5.0,0.0054757015742642,1890.0,5.0
2024-04-26,9300.0,1760.0,1820.0,,5.0,0.0054757015742642,1790.0,5.0
2024-04-26,9400.0,1660.0,1720.0,,5.0,0.0054757015742642,1690.0,5.0
2024-04-26,9500.0,1560.0,1620.0,,5.0,0.0054757015742642,1590.0,5.0
2024-04-26,9600.0,1460.0,1520.0,,5.0,0.0054757015742642,1490.0,5.0
2024-04-26,9700.0,1360.0,1420.0,,5.0,0.0054757015742642,1390.0,5.0
2024-04-26,9800.0,1260.0,1320.0,,5.0,0.0054757015742642,1290.0,5.0
2024-04-26,9850.0,1210.0,1270.0,,5.0,0.0054757015742642,1240.0,5.0
2024-04-26,9900.0,1160.0,1220.0,,5.0,0.0054757015742642,1190.0,5.0
2024-04-26,9950.0,1110.0,1170.0,,5.0,0.0054757015742642,1140.0,5.0
2024-04-26,10000.0,1060.0,1120.0,,5.0,0.0054757015742642,1090.0,5.0
2024-04-26,10025.0,1035.0,1095.0,,5.0,0.0054757015742642,1065.0,5.0
2024-04-26,10050.0,1010.0,1070.0,,5.0,0.0054757015742642,1040.0,5.0
2024-04-26,10075.0,985.0,1045.0,,5.0,0.0054757015742642,1015.0,5.0
2024-04-26,10100.0,960.0,1020.0,,5.0,0.0054757015742642,990.0,5.0
2024-04-26,10125.0,935.0,995.0,,5.0,0.0054757015742642,965.0,5.0
2024-04-26,10150.0,910.0,970.0,,5.0,0.0054757015742642,940.0,5.0
2024-04-26,10175.0,881.0,941.0,,5.0,0.0054757015742642,911.0,5.0
2024-04-26,10200.0,857.0,917.0,,5.0,0.0054757015742642,887.0,5.0
2024-04-26,10225.0,832.0,892.0,,5.0,0.0054757015742642,862.0,5.0
2024-04-26,10250.0,807.0,867.0,,5.0,0.0054757015742642,837.0,5.0
2024-04-26,10275.0,782.0,842.0,,5.0,0.0054757015742642,812.0,5.0
2024-04-26,10300.0,757.0,817.0,,5.0,0.0054757015742642,787.0,5.0
2024-04-26,10325.0,742.0,792.0,,5.0,0.0054757015742642,767.0,5.0
2024-04-26,10350.0,717.0,767.0,,5.0,0.0054757015742642,742.0,5.0
2024-04-26,10375.0,692.0,742.0,,5.0,0.0054757015742642,717.0,5.0
2024-04-26,10400.0,667.0,717.0,,5.0,0.0054757015742642,692.0,5.0
2024-04-26,10425.0,642.0,692.0,,5.0,0.0054757015742642,667.0,5.0
2024-04-26,10450.0,617.0,667.0,,5.0,0.0054757015742642,642.0,5.0
2024-04-26,10475.0,592.0,642.0,,5.0,0.0054757015742642,617.0,5.0
2024-04-26,10500.0,567.0,617.0,,5.0,0.0054757015742642,592.0,5.0
2024-04-26,10525.0,542.0,592.0,,5.0,0.0054757015742642,567.0,5.0
2024-04-26,10550.0,517.0,567.0,,5.0,0.0054757015742642,542.0,5.0
2024-04-26,10575.0,492.0,542.0,,5.0,0.0054757015742642,517.0,5.0
2024-04-26,10600.0,467.0,517.0,,5.0,0.0054757015742642,492.0,5.0
2024-04-26,10625.0,442.0,492.0,,5.0,0.0054757015742642,467.0,5.0
2024-04-26,10650.0,417.0,467.0,,5.0,0.0054757015742642,442.0,5.0
2024-04-26,10675.0,396.0,436.0,,5.0,0.0054757015742642,416.0,5.0
2024-04-26,10700.0,371.0,411.0,,5.0,0.0054757015742642,391.0,5.0
2024-04-26,10725.0,346.0,386.0,,5.0,0.0054757015742642,366.0,5.0
2024-04-26,10750.0,321.0,361.0,,5.0,0.0054757015742642,341.0,5.0
2024-04-26,10775.0,297.0,337.0,,5.0,0.0054757015742642,317.0,5.0
2024-04-26,10800.0,272.0,312.0,,5.0,0.0054757015742642,292.0,5.0
2024-04-26,10825.0,248.0,288.0,,5.0,0.0054757015742642,268.0,5.0
2024-04-26,10850.0,226.0,264.0,,5.0,0.0054757015742642,245.0,5.0
2024-04-26,10875.0,205.0,235.0,2.0,7.0,0.0054757015742642,220.0,4.5
2024-04-26,10900.0,182.0,200.0,3.0,8.0,0.0054757015742642,191.0,5.5
2024-04-26,10925.0,159.0,189.0,6.0,11.0,0.0054757015742642,174.0,8.5
2024-04-26,10950.0,138.0,168.0,9.0,14.0,0.0054757015742642,153.0,11.5
2024-04-26,10975.0,116.0,146.0,12.0,20.0,0.0054757015742642,131.0,16.0
2024-04-26,11000.0,98.0,120.0,18.0,26.0,0.0054757015742642,109.0,22.0
2024-04-26,11025.0,86.0,104.0,23.0,35.0,0.0054757015742642,95.0,29.0
2024-04-26,11050.0,69.0,87.0,32.0,44.0,0.0054757015742642,78.0,38.0
2024-04-26,11075.0,55.0,73.0,42.0,60.0,0.0054757015742642,64.0,51.0
2024-04-26,11100.0,42.0,60.0,52.0,70.0,0.0054757015742642,51.0,61.0
2024-04-26,11125.0,34.0,46.0,65.0,83.0,0.0054757015742642,40.0,74.0
2024-04-26,11150.0,25.0,37.0,81.0,99.0,0.0054757015742642,31.0,90.0
2024-04-26,11175.0,20.0,28.0,94.0,124.0,0.0054757015742642,24.0,109.0
2024-04-26,11200.0,18.0,22.0,113.0,143.0,0.0054757015742642,20.0,128.0
2024-04-26,11225.0,10.0,18.0,133.0,163.0,0.0054757015742642,14.0,148.0
2024-04-26,11250.0,7.0,12.0,154.0,184.0,0.0054757015742642,9.5,169.0
2024-04-26,11275.0,4.0,9.0,177.0,207.0,0.0054757015742642,6.5,192.0
2024-04-26,11300.0,2.0,7.0,200.0,230.0,0.0054757015742642,4.5,215.0
2024-04-26,11325.0,1.0,6.0,222.0,252.0,0.0054757015742642,3.5,237.0
2024-04-26,11350.0,,5.0,241.0,281.0,0.0054757015742642,5.0,261.0
2024-04-26,11375.0,,5.0,266.0,306.0,0.0054757015742642,5.0,286.0
2024-04-26,11400.0,,5.0,290.0,330.0,0.0054757015742642,5.0,310.0
2024-04-26,11425.0,,5.0,315.0,355.0,0.0054757015742642,5.0,335.0
2024-04-26,11450.0,,5.0,340.0,380.0,0.0054757015742642,5.0,360.0
2024-04-26,11475.0,,5.0,365.0,405.0,0.0054757015742642,5.0,385.0
2024-04-26,11500.0,,5.0,390.0,430.0,0.0054757015742642,5.0,410.0
2024-04-26,11525.0,,5.0,410.0,460.0,0.0054757015742642,5.0,435.0
2024-04-26,11550.0,,5.0,433.0,483.0,0.0054757015742642,5.0,458.0
2024-04-26,11575.0,,5.0,458.0,508.0,0.0054757015742642,5.0,483.0
2024-04-26,11600.0,,5.0,483.0,533.0,0.0054757015742642,5.0,508.0
2024-04-26,11625.0,,5.0,508.0,558.0,0.0054757015742642,5.0,533.0
2024-04-26,11650.0,,5.0,533.0,583.0,0.0054757015742642,5.0,558.0
2024-04-26,11700.0,,5.0,583.0,633.0,0.0054757015742642,5.0,608.0
2024-04-26,11750.0,,5.0,633.0,683.0,0.0054757015742642,5.0,658.0
2024-04-26,11800.0,,5.0,683.0,733.0,0.0054757015742642,5.0,708.0
2024-04-26,11850.0,,5.0,733.0,783.0,0.0054757015742642,5.0,758.0
2024-04-26,11900.0,,5.0,778.0,838.0,0.0054757015742642,5.0,808.0
2024-04-26,12000.0,,5.0,879.0,939.0,0.0054757015742642,5.0,909.0
2024-04-26,12100.0,,5.0,979.0,1039.0,0.0054757015742642,5.0,1009.0
2024-04-26,12200.0,,5.0,1083.0,1143.0,0.0054757015742642,5.0,1113.0
2024-04-26,12300.0,,5.0,1183.0,1243.0,0.0054757015742642,5.0,1213.0
2024-04-26,12400.0,,5.0,1279.0,1339.0,0.0054757015742642,5.0,1309.0
2024-04-26,12500.0,,5.0,1379.0,1439.0,0.0054757015742642,5.0,1409.0
2024-04-26,12600.0,,5.0,1479.0,1539.0,0.0054757015742642,5.0,1509.0
2024-04-26,12700.0,,5.0,1579.0,1639.0,0.0054757015742642,5.0,1609.0
2024-05-03,8900.0,2100.0,2160.0,,5.0,0.0246406570841889,2130.0,5.0
2024-05-03,9000.0,2003.0,2063.0,,5.0,0.0246406570841889,2033.0,5.0
2024-05-03,9100.0,1902.0,1962.0,,5.0,0.0246406570841889,1932.0,5.0
2024-05-03,9200.0,1802.0,1862.0,,5.0,0.0246406570841889,1832.0,5.0
2024-05-03,9300.0,1702.0,1762.0,,5.0,0.0246406570841889,1732.0,5.0
2024-05-03,9400.0,1598.0,1658.0,,5.0,0.0246406570841889,1628.0,5.0
2024-05-03,9500.0,1502.0,1562.0,,5.0,0.0246406570841889,1532.0,5.0
2024-05-03,9600.0,1402.0,1462.0,,5.0,0.0246406570841889,1432.0,5.0
2024-05-03,9700.0,1302.0,1362.0,,5.0,0.0246406570841889,1332.0,5.0
2024-05-03,9750.0,1251.0,1311.0,,5.0,0.0246406570841889,1281.0,5.0
2024-05-03,9800.0,1201.0,1261.0,,5.0,0.0246406570841889,1231.0,5.0
2024-05-03,9850.0,1151.0,1211.0,,5.0,0.0246406570841889,1181.0,5.0
2024-05-03,9900.0,1099.0,1159.0,,5.0,0.0246406570841889,1129.0,5.0
2024-05-03,9950.0,1053.0,1113.0,,5.0,0.0246406570841889,1083.0,5.0
2024-05-03,10000.0,1003.0,1063.0,,5.0,0.0246406570841889,1033.0,5.0
2024-05-03,10050.0,953.0,1013.0,,5.0,0.0246406570841889,983.0,5.0
2024-05-03,10100.0,903.0,963.0,,5.0,0.0246406570841889,933.0,5.0
2024-05-03,10150.0,853.0,913.0,,5.0,0.0246406570841889,883.0,5.0
2024-05-03,10200.0,802.0,862.0,,5.0,0.0246406570841889,832.0,5.0
2024-05-03,10250.0,755.0,812.0,,5.0,0.0246406570841889,783.5,5.0
2024-05-03,10300.0,710.0,760.0,,5.0,0.0246406570841889,735.0,5.0
2024-05-03,10350.0,660.0,710.0,,5.0,0.0246406570841889,685.0,5.0
2024-05-03,10400.0,611.0,661.0,,5.0,0.0246406570841889,636.0,5.0
2024-05-03,10450.0,562.0,612.0,,5.0,0.0246406570841889,587.0,5.0
2024-05-03,10500.0,512.0,562.0,1.0,6.0,0.0246406570841889,537.0,3.5
2024-05-03,10525.0,488.0,538.0,1.0,6.0,0.0246406570841889,513.0,3.5
2024-05-03,10550.0,464.0,514.0,2.0,7.0,0.0246406570841889,489.0,4.5
2024-05-03,10575.0,439.0,489.0,3.0,8.0,0.0246406570841889,464.0,5.5
2024-05-03,10600.0,414.0,464.0,4.0,9.0,0.0246406570841889,439.0,6.5
2024-05-03,10625.0,396.0,436.0,5.0,10.0,0.0246406570841889,416.0,7.5
2024-05-03,10650.0,371.0,411.0,6.0,11.0,0.0246406570841889,391.0,8.5
2024-05-03,10675.0,349.0,389.0,8.0,13.0,0.0246406570841889,369.0,10.5
2024-05-03,10700.0,324.0,364.0,10.0,16.0,0.0246406570841889,344.0,13.0
2024-05-03,10725.0,301.0,341.0,10.0,18.0,0.0246406570841889,321.0,14.0
2024-05-03,10750.0,279.0,319.0,13.0,21.0,0.0246406570841889,299.0,17.0
2024-05-03,10775.0,259.0,299.0,16.0,24.0,0.0246406570841889,279.0,20.0
2024-05-03,10800.0,238.0,278.0,20.0,28.0,0.0246406570841889,258.0,24.0
2024-05-03,10825.0,220.0,250.0,23.0,35.0,0.0246406570841889,235.0,29.0
2024-05-03,10850.0,201.0,231.0,28.0,40.0,0.0246406570841889,216.0,34.0
2024-05-03,10875.0,181.0,211.0,33.0,45.0,0.0246406570841889,196.0,39.0
2024-05-03,10900.0,163.0,193.0,39.0,51.0,0.0246406570841889,178.0,45.0
2024-05-03,10925.0,145.0,175.0,44.0,62.0,0.0246406570841889,160.0,53.0
2024-05-03,10950.0,130.0,160.0,52.0,70.0,0.0246406570841889,145.0,61.0
2024-05-03,10975.0,113.0,143.0,60.0,78.0,0.0246406570841889,128.0,69.0
2024-05-03,11000.0,97.0,127.0,70.0,88.0,0.0246406570841889,112.0,79.0
2024-05-03,11025.0,90.0,108.0,81.0,99.0,0.0246406570841889,99.0,90.0
2024-05-03,11050.0,78.0,96.0,91.0,121.0,0.0246406570841889,87.0,106.0
2024-05-03,11075.0,65.0,83.0,101.0,131.0,0.0246406570841889,74.0,116.0
2024-05-03,11100.0,54.0,72.0,115.0,145.0,0.0246406570841889,63.0,130.0
2024-05-03,11125.0,45.0,63.0,130.0,160.0,0.0246406570841889,54.0,145.0
2024-05-03,11150.0,39.0,51.0,148.0,178.0,0.0246406570841889,45.0,163.0
2024-05-03,11175.0,31.0,43.0,164.0,194.0,0.0246406570841889,37.0,179.0
2024-05-03,11200.0,26.0,38.0,183.0,213.0,0.0246406570841889,32.0,198.0
2024-05-03,11225.0,21.0,33.0,202.0,232.0,0.0246406570841889,27.0,217.0
2024-05-03,11250.0,17.0,25.0,222.0,252.0,0.0246406570841889,21.0,237.0
2024-05-03,11275.0,13.0,21.0,237.0,277.0,0.0246406570841889,17.0,257.0
2024-05-03,11300.0,10.0,18.0,259.0,299.0,0.0246406570841889,14.0,279.0
2024-05-03,11325.0,8.0,13.0,281.0,321.0,0.0246406570841889,10.5,301.0
2024-05-03,11350.0,6.0,11.0,304.0,344.0,0.0246406570841889,8.5,324.0
2024-05-03,11375.0,4.0,9.0,327.0,367.0,0.0246406570841889,6.5,347.0
2024-05-03,11400.0,3.0,8.0,351.0,391.0,0.0246406570841889,5.5,371.0
2024-05-03,11425.0,1.0,6.0,375.0,415.0,0.0246406570841889,3.5,395.0
2024-05-03,11450.0,1.0,6.0,400.0,440.0,0.0246406570841889,3.5,420.0
2024-05-03,11475.0,,5.0,418.0,468.0,0.0246406570841889,5.0,443.0
2024-05-03,11500.0,,5.0,442.0,492.0,0.0246406570841889,5.0,467.0
2024-05-03,11525.0,,5.0,466.0,516.0,0.0246406570841889,5.0,491.0
2024-05-03,11550.0,,5.0,491.0,541.0,0.0246406570841889,5.0,516.0
2024-05-03,11575.0,,5.0,516.0,566.0,0.0246406570841889,5.0,541.0
2024-05-03,11600.0,,5.0,545.0,595.0,0.0246406570841889,5.0,570.0
2024-05-03,11650.0,,5.0,590.0,640.0,0.0246406570841889,5.0,615.0
2024-05-03,11700.0,,5.0,640.0,690.0,0.0246406570841889,5.0,665.0
2024-05-03,11750.0,,5.0,690.0,740.0,0.0246406570841889,5.0,715.0
2024-05-03,11800.0,,5.0,740.0,790.0,0.0246406570841889,5.0,765.0
2024-05-03,11900.0,,5.0,836.0,896.0,0.0246406570841889,5.0,866.0
2024-05-03,12000.0,,5.0,937.0,997.0,0.0246406570841889,5.0,967.0
2024-05-03,12100.0,,5.0,1034.0,1094.0,0.0246406570841889,5.0,1064.0
2024-05-03,12200.0,,5.0,1139.0,1199.0,0.0246406570841889,5.0,1169.0
2024-05-03,12300.0,,5.0,1239.0,1299.0,0.0246406570841889,5.0,1269.0
2024-05-03,12400.0,,5.0,1339.0,1399.0,0.0246406570841889,5.0,1369.0
2024-05-03,12500.0,,5.0,1439.0,1499.0,0.0246406570841889,5.0,1469.0
2024-05-03,12600.0,,5.0,1535.0,1595.0,0.0246406570841889,5.0,1565.0
2024-05-10,8900.0,2109.0,2169.0,,5.0,0.0438056125941136,2139.0,5.0
2024-05-10,9000.0,2008.0,2068.0,,5.0,0.0438056125941136,2038.0,5.0
2024-05-10,9100.0,1908.0,1968.0,,5.0,0.0438056125941136,1938.0,5.0
2024-05-10,9200.0,1806.0,1866.0,,5.0,0.0438056125941136,1836.0,5.0
2024-05-10,9300.0,1706.0,1766.0,,5.0,0.0438056125941136,1736.0,5.0
2024-05-10,9400.0,1610.0,1670.0,,5.0,0.0438056125941136,1640.0,5.0
2024-05-10,9500.0,1509.0,1569.0,,5.0,0.0438056125941136,1539.0,5.0
2024-05-10,9600.0,1407.0,1467.0,,5.0,0.0438056125941136,1437.0,5.0
2024-05-10,9700.0,1307.0,1367.0,,5.0,0.0438056125941136,1337.0,5.0
2024-05-10,9750.0,1260.0,1320.0,,5.0,0.0438056125941136,1290.0,5.0
2024-05-10,9800.0,1210.0,1270.0,,5.0,0.0438056125941136,1240.0,5.0
2024-05-10,9850.0,1163.0,1223.0,,5.0,0.0438056125941136,1193.0,5.0
2024-05-10,9900.0,1108.0,1168.0,,5.0,0.0438056125941136,1138.0,5.0
2024-05-10,9950.0,1061.0,1121.0,,5.0,0.0438056125941136,1091.0,5.0
2024-05-10,10000.0,1009.0,1069.0,,5.0,0.0438056125941136,1039.0,5.0
2024-05-10,10050.0,959.0,1019.0,,5.0,0.0438056125941136,989.0,5.0
2024-05-10,10100.0,912.0,972.0,,5.0,0.0438056125941136,942.0,5.0
2024-05-10,10150.0,860.0,920.0,,5.0,0.0438056125941136,890.0,5.0
2024-05-10,10200.0,813.0,873.0,1.0,6.0,0.0438056125941136,843.0,3.5
2024-05-10,10250.0,765.0,825.0,1.0,6.0,0.0438056125941136,795.0,3.5
2024-05-10,10300.0,722.0,772.0,2.0,7.0,0.0438056125941136,747.0,4.5
2024-05-10,10350.0,673.0,723.0,3.0,8.0,0.0438056125941136,698.0,5.5
2024-05-10,10400.0,623.0,673.0,4.0,9.0,0.0438056125941136,648.0,6.5
2024-05-10,10450.0,572.0,622.0,5.0,10.0,0.0438056125941136,597.0,7.5
2024-05-10,10500.0,527.0,577.0,7.0,12.0,0.0438056125941136,552.0,9.5
2024-05-10,10550.0,479.0,529.0,10.0,16.0,0.0438056125941136,504.0,13.0
2024-05-10,10600.0,431.0,481.0,11.0,19.0,0.0438056125941136,456.0,15.0
2024-05-10,10650.0,392.0,432.0,16.0,24.0,0.0438056125941136,412.0,20.0
2024-05-10,10700.0,347.0,387.0,21.0,33.0,0.0438056125941136,367.0,27.0
2024-05-10,10750.0,305.0,345.0,26.0,38.0,0.0438056125941136,325.0,32.0
2024-05-10,10800.0,264.0,304.0,35.0,47.0,0.0438056125941136,284.0,41.0
2024-05-10,10850.0,226.0,264.0,44.0,62.0,0.0438056125941136,245.0,53.0
2024-05-10,10900.0,194.0,224.0,58.0,76.0,0.0438056125941136,209.0,67.0
2024-05-10,10950.0,160.0,190.0,73.0,91.0,0.0438056125941136,175.0,82.0
2024-05-10,11000.0,130.0,160.0,93.0,119.0,0.0438056125941136,145.0,106.0
2024-05-10,11050.0,102.0,132.0,109.0,139.0,0.0438056125941136,117.0,124.0
2024-05-10,11100.0,83.0,101.0,135.0,165.0,0.0438056125941136,92.0,150.0
2024-05-10,11150.0,63.0,81.0,165.0,195.0,0.0438056125941136,72.0,180.0
2024-05-10,11200.0,46.0,64.0,198.0,228.0,0.0438056125941136,55.0,213.0
2024-05-10,11250.0,35.0,47.0,227.0,267.0,0.0438056125941136,41.0,247.0
2024-05-10,11300.0,23.0,35.0,266.0,306.0,0.0438056125941136,29.0,286.0
2024-05-10,11350.0,18.0,26.0,308.0,348.0,0.0438056125941136,22.0,328.0
2024-05-10,11400.0,11.0,19.0,352.0,392.0,0.0438056125941136,15.0,372.0
2024-05-10,11450.0,8.0,13.0,396.0,436.0,0.0438056125941136,10.5,416.0
2024-05-10,11500.0,5.0,10.0,442.0,492.0,0.0438056125941136,7.5,467.0
2024-05-10,11550.0,3.0,8.0,485.0,535.0,0.0438056125941136,5.5,510.0
2024-05-10,11600.0,1.0,6.0,535.0,585.0,0.0438056125941136,3.5,560.0
2024-05-10,11650.0,,5.0,582.0,632.0,0.0438056125941136,5.0,607.0
2024-05-10,11700.0,,5.0,633.0,683.0,0.0438056125941136,5.0,658.0
2024-05-10,11750.0,,5.0,682.0,732.0,0.0438056125941136,5.0,707.0
2024-05-10,11800.0,,5.0,730.0,780.0,0.0438056125941136,5.0,755.0
2024-05-10,11900.0,,5.0,830.0,890.0,0.0438056125941136,5.0,860.0
2024-05-10,12000.0,,5.0,929.0,989.0,0.0438056125941136,5.0,959.0
2024-05-10,12100.0,,5.0,1029.0,1089.0,0.0438056125941136,5.0,1059.0
2024-05-10,12200.0,,5.0,1129.0,1189.0,0.0438056125941136,5.0,1159.0
2024-05-10,12300.0,,5.0,1229.0,1289.0,0.0438056125941136,5.0,1259.0
2024-05-10,12400.0,,5.0,1329.0,1389.0,0.0438056125941136,5.0,1359.0
2024-05-10,12500.0,,5.0,1428.0,1488.0,0.0438056125941136,5.0,1458.0
2024-05-10,12600.0,,5.0,1528.0,1588.0,0.0438056125941136,5.0,1558.0
2024-05-17,8500.0,2507.0,2567.0,,5.0,0.0629705681040383,2537.0,5.0
2024-05-17,8600.0,2407.0,2467.0,,5.0,0.0629705681040383,2437.0,5.0
2024-05-17,8700.0,2307.0,2367.0,,5.0,0.0629705681040383,2337.0,5.0
2024-05-17,8800.0,2208.0,2268.0,,5.0,0.0629705681040383,2238.0,5.0
2024-05-17,8900.0,2108.0,2168.0,,5.0,0.0629705681040383,2138.0,5.0
2024-05-17,9000.0,2008.0,2068.0,,5.0,0.0629705681040383,2038.0,5.0
2024-05-17,9100.0,1908.0,1968.0,,5.0,0.0629705681040383,1938.0,5.0
2024-05-17,9200.0,1809.0,1869.0,,5.0,0.0629705681040383,1839.0,5.0
2024-05-17,9250.0,1759.0,1819.0,,5.0,0.0629705681040383,1789.0,5.0
2024-05-17,9300.0,1709.0,1769.0,,5.0,0.0629705681040383,1739.0,5.0
2024-05-17,9350.0,1659.0,1719.0,,5.0,0.0629705681040383,1689.0,5.0
2024-05-17,9400.0,1610.0,1670.0,,5.0,0.0629705681040383,1640.0,5.0
2024-05-17,9450.0,1564.0,1624.0,,5.0,0.0629705681040383,1594.0,5.0
2024-05-17,9500.0,1514.0,1574.0,,5.0,0.0629705681040383,1544.0,5.0
2024-05-17,9550.0,1461.0,1521.0,,5.0,0.0629705681040383,1491.0,5.0
2024-05-17,9600.0,1411.0,1471.0,,3.0,0.0629705681040383,1441.0,3.0
2024-05-17,9650.0,1365.0,1425.0,,5.0,0.0629705681040383,1395.0,5.0
2024-05-17,9700.0,1312.0,1372.0,,5.0,0.0629705681040383,1342.0,5.0
2024-05-17,9750.0,1266.0,1326.0,,5.0,0.0629705681040383,1296.0,5.0
2024-05-17,9800.0,1212.0,1272.0,,5.0,0.0629705681040383,1242.0,5.0
2024-05-17,9850.0,1163.0,1223.0,,5.0,0.0629705681040383,1193.0,5.0
2024-05-17,9900.0,1114.0,1174.0,1.0,6.0,0.0629705681040383,1144.0,3.5
2024-05-17,9950.0,1068.0,1128.0,1.0,6.0,0.0629705681040383,1098.0,3.5
2024-05-17,10000.0,1015.0,1075.0,2.0,5.0,0.0629705681040383,1045.0,3.5
2024-05-17,10050.0,969.0,1029.0,2.0,7.0,0.0629705681040383,999.0,4.5
2024-05-17,10100.0,920.0,980.0,3.0,8.0,0.0629705681040383,950.0,5.5
2024-05-17,10150.0,871.0,931.0,4.0,9.0,0.0629705681040383,901.0,6.5
2024-05-17,10200.0,822.0,882.0,4.0,9.0,0.0629705681040383,852.0,6.5
2024-05-17,10250.0,769.0,829.0,5.0,10.0,0.0629705681040383,799.0,7.5
2024-05-17,10300.0,726.0,776.0,7.0,12.0,0.0629705681040383,751.0,9.5
2024-05-17,10350.0,681.0,731.0,8.0,13.0,0.0629705681040383,706.0,10.5
2024-05-17,10400.0,633.0,683.0,10.0,18.0,0.0629705681040383,658.0,14.0
2024-05-17,10450.0,586.0,636.0,11.0,19.0,0.0629705681040383,611.0,15.0
2024-05-17,10500.0,536.0,586.0,14.0,22.0,0.0629705681040383,561.0,18.0
2024-05-17,10550.0,490.0,540.0,18.0,26.0,0.0629705681040383,515.0,22.0
2024-05-17,10600.0,445.0,495.0,21.0,33.0,0.0629705681040383,470.0,27.0
2024-05-17,10650.0,401.0,451.0,27.0,39.0,0.0629705681040383,426.0,33.0
2024-05-17,10700.0,367.0,407.0,34.0,46.0,0.0629705681040383,387.0,40.0
2024-05-17,10750.0,325.0,365.0,42.0,60.0,0.0629705681040383,345.0,51.0
2024-05-17,10800.0,287.0,327.0,51.0,69.0,0.0629705681040383,307.0,60.0
2024-05-17,10850.0,247.0,287.0,70.0,81.0,0.0629705681040383,267.0,75.5
2024-05-17,10900.0,219.0,249.0,78.0,96.0,0.0629705681040383,234.0,87.0
2024-05-17,10950.0,184.0,214.0,91.0,121.0,0.0629705681040383,199.0,106.0
2024-05-17,11000.0,161.0,184.0,108.0,138.0,0.0629705681040383,172.5,123.0
2024-05-17,11050.0,128.0,158.0,132.0,162.0,0.0629705681040383,143.0,147.0
2024-05-17,11100.0,113.0,133.0,171.0,186.0,0.0629705681040383,123.0,178.5
2024-05-17,11150.0,88.0,106.0,185.0,215.0,0.0629705681040383,97.0,200.0
2024-05-17,11200.0,68.0,86.0,217.0,247.0,0.0629705681040383,77.0,232.0
2024-05-17,11250.0,60.0,70.0,244.0,284.0,0.0629705681040383,65.0,264.0
2024-05-17,11300.0,42.0,60.0,281.0,321.0,0.0629705681040383,51.0,301.0
2024-05-17,11350.0,31.0,43.0,322.0,362.0,0.0629705681040383,37.0,342.0
2024-05-17,11400.0,21.0,33.0,360.0,400.0,0.0629705681040383,27.0,380.0
2024-05-17,11450.0,17.0,25.0,401.0,451.0,0.0629705681040383,21.0,426.0
2024-05-17,11500.0,11.0,19.0,445.0,495.0,0.0629705681040383,15.0,470.0
2024-05-17,11550.0,9.0,14.0,488.0,538.0,0.0629705681040383,11.5,513.0
2024-05-17,11600.0,6.0,11.0,538.0,588.0,0.0629705681040383,8.5,563.0
2024-05-17,11650.0,4.0,9.0,583.0,633.0,0.0629705681040383,6.5,608.0
2024-05-17,11700.0,2.0,5.0,631.0,681.0,0.0629705681040383,3.5,656.0
2024-05-17,11750.0,1.0,6.0,683.0,733.0,0.0629705681040383,3.5,708.0
2024-05-17,11800.0,,5.0,729.0,779.0,0.0629705681040383,5.0,754.0
2024-05-17,11900.0,,5.0,826.0,886.0,0.0629705681040383,5.0,856.0
2024-05-17,12000.0,,5.0,926.0,986.0,0.0629705681040383,5.0,956.0
2024-05-17,12100.0,,5.0,1021.0,1081.0,0.0629705681040383,5.0,1051.0
2024-05-17,12200.0,,5.0,1124.0,1184.0,0.0629705681040383,5.0,1154.0
2024-05-17,12300.0,,5.0,1224.0,1284.0,0.0629705681040383,5.0,1254.0
2024-05-17,12400.0,,5.0,1324.0,1384.0,0.0629705681040383,5.0,1354.0
2024-05-17,12500.0,,5.0,1423.0,1483.0,0.0629705681040383,5.0,1453.0
2024-05-17,12600.0,,5.0,1523.0,1583.0,0.0629705681040383,5.0,1553.0
2024-05-17,12700.0,,5.0,1623.0,1683.0,0.0629705681040383,5.0,1653.0
2024-06-21,5200.0,5795.0,5855.0,,5.0,0.1587953456536618,5825.0,5.0
2024-06-21,5300.0,5696.0,5756.0,,5.0,0.1587953456536618,5726.0,5.0
2024-06-21,5400.0,5596.0,5656.0,,5.0,0.1587953456536618,5626.0,5.0
2024-06-21,5500.0,5502.0,5562.0,,5.0,0.1587953456536618,5532.0,5.0
2024-06-21,5600.0,5398.0,5458.0,,5.0,0.1587953456536618,5428.0,5.0
2024-06-21,5700.0,5298.0,5358.0,,5.0,0.1587953456536618,5328.0,5.0
2024-06-21,5800.0,5199.0,5259.0,,5.0,0.1587953456536618,5229.0,5.0
2024-06-21,5900.0,5100.0,5160.0,,5.0,0.1587953456536618,5130.0,5.0
2024-06-21,6000.0,5000.0,5060.0,,5.0,0.1587953456536618,5030.0,5.0
2024-06-21,6100.0,4901.0,4961.0,,5.0,0.1587953456536618,4931.0,5.0
2024-06-21,6200.0,4801.0,4861.0,,5.0,0.1587953456536618,4831.0,5.0
2024-06-21,6300.0,4702.0,4762.0,,5.0,0.1587953456536618,4732.0,5.0
2024-06-21,6400.0,4603.0,4663.0,,5.0,0.1587953456536618,4633.0,5.0
2024-06-21,6500.0,4503.0,4563.0,,5.0,0.1587953456536618,4533.0,5.0
2024-06-21,6600.0,4404.0,4464.0,,5.0,0.1587953456536618,4434.0,5.0
2024-06-21,6700.0,4305.0,4365.0,,5.0,0.1587953456536618,4335.0,5.0
2024-06-21,6800.0,4205.0,4265.0,,5.0,0.1587953456536618,4235.0,5.0
2024-06-21,6900.0,4111.0,4171.0,,5.0,0.1587953456536618,4141.0,5.0
2024-06-21,7000.0,4012.0,4072.0,,5.0,0.1587953456536618,4042.0,5.0
2024-06-21,7100.0,3907.0,3967.0,,5.0,0.1587953456536618,3937.0,5.0
2024-06-21,7200.0,3808.0,3868.0,,5.0,0.1587953456536618,3838.0,5.0
2024-06-21,7300.0,3708.0,3768.0,,5.0,0.1587953456536618,3738.0,5.0
2024-06-21,7400.0,3609.0,3669.0,,5.0,0.1587953456536618,3639.0,5.0
2024-06-21,7500.0,3510.0,3570.0,,5.0,0.1587953456536618,3540.0,5.0
2024-06-21,7600.0,3411.0,3471.0,,5.0,0.1587953456536618,3441.0,5.0
2024-06-21,7700.0,3311.0,3371.0,,5.0,0.1587953456536618,3341.0,5.0
2024-06-21,7800.0,3212.0,3272.0,,5.0,0.1587953456536618,3242.0,5.0
2024-06-21,7900.0,3113.0,3173.0,,5.0,0.1587953456536618,3143.0,5.0
2024-06-21,8000.0,3013.0,3073.0,,5.0,0.1587953456536618,3043.0,5.0
2024-06-21,8100.0,2914.0,2974.0,,5.0,0.1587953456536618,2944.0,5.0
2024-06-21,8200.0,2820.0,2880.0,,5.0,0.1587953456536618,2850.0,5.0
2024-06-21,8300.0,2716.0,2776.0,,5.0,0.1587953456536618,2746.0,5.0
2024-06-21,8400.0,2617.0,2677.0,,5.0,0.1587953456536618,2647.0,5.0
2024-06-21,8500.0,2518.0,2578.0,,5.0,0.1587953456536618,2548.0,5.0
2024-06-21,8600.0,2419.0,2479.0,,5.0,0.1587953456536618,2449.0,5.0
2024-06-21,8700.0,2320.0,2380.0,,5.0,0.1587953456536618,2350.0,5.0
2024-06-21,8800.0,2221.0,2281.0,1.0,6.0,0.1587953456536618,2251.0,3.5
2024-06-21,8900.0,2127.0,2187.0,1.0,6.0,0.1587953456536618,2157.0,3.5
2024-06-21,9000.0,2023.0,2083.0,2.0,7.0,0.1587953456536618,2053.0,4.5
2024-06-21,9100.0,1925.0,1985.0,3.0,8.0,0.1587953456536618,1955.0,5.5
2024-06-21,9200.0,1826.0,1886.0,4.0,9.0,0.1587953456536618,1856.0,6.5
2024-06-21,9300.0,1733.0,1793.0,5.0,10.0,0.1587953456536618,1763.0,7.5
2024-06-21,9400.0,1634.0,1694.0,6.0,11.0,0.1587953456536618,1664.0,8.5
2024-06-21,9500.0,1536.0,1596.0,8.0,13.0,0.1587953456536618,1566.0,10.5
2024-06-21,9600.0,1435.0,1495.0,9.0,14.0,0.1587953456536618,1465.0,11.5
2024-06-21,9700.0,1341.0,1401.0,10.0,18.0,0.1587953456536618,1371.0,14.0
2024-06-21,9750.0,1294.0,1354.0,11.0,19.0,0.1587953456536618,1324.0,15.0
2024-06-21,9800.0,1240.0,1300.0,12.0,20.0,0.1587953456536618,1270.0,16.0
2024-06-21,9850.0,1196.0,1256.0,14.0,22.0,0.1587953456536618,1226.0,18.0
2024-06-21,9900.0,1148.0,1208.0,15.0,23.0,0.1587953456536618,1178.0,19.0
2024-06-21,9950.0,1100.0,1160.0,17.0,25.0,0.1587953456536618,1130.0,21.0
2024-06-21,10000.0,1053.0,1113.0,19.0,27.0,0.1587953456536618,1083.0,23.0
2024-06-21,10050.0,1005.0,1065.0,21.0,33.0,0.1587953456536618,1035.0,27.0
2024-06-21,10100.0,958.0,1018.0,23.0,35.0,0.1587953456536618,988.0,29.0
2024-06-21,10150.0,912.0,972.0,25.0,37.0,0.1587953456536618,942.0,31.0
2024-06-21,10200.0,861.0,921.0,30.0,42.0,0.1587953456536618,891.0,36.0
2024-06-21,10250.0,820.0,880.0,32.0,44.0,0.1587953456536618,850.0,38.0
2024-06-21,10300.0,772.0,832.0,38.0,50.0,0.1587953456536618,802.0,44.0
2024-06-21,10350.0,735.0,785.0,42.0,60.0,0.1587953456536618,760.0,51.0
2024-06-21,10400.0,687.0,737.0,44.0,62.0,0.1587953456536618,712.0,53.0
2024-06-21,10450.0,648.0,698.0,51.0,69.0,0.1587953456536618,673.0,60.0
2024-06-21,10500.0,601.0,651.0,58.0,76.0,0.1587953456536618,626.0,67.0
2024-06-21,10550.0,559.0,609.0,70.0,85.0,0.1587953456536618,584.0,77.5
2024-06-21,10600.0,523.0,573.0,76.0,94.0,0.1587953456536618,548.0,85.0
2024-06-21,10650.0,482.0,532.0,86.0,104.0,0.1587953456536618,507.0,95.0
2024-06-21,10700.0,444.0,494.0,91.0,121.0,0.1587953456536618,469.0,106.0
2024-06-21,10750.0,407.0,455.0,104.0,134.0,0.1587953456536618,431.0,119.0
2024-06-21,10800.0,372.0,412.0,116.0,146.0,0.1587953456536618,392.0,131.0
2024-06-21,10850.0,341.0,381.0,132.0,162.0,0.1587953456536618,361.0,147.0
2024-06-21,10900.0,304.0,344.0,148.0,178.0,0.1587953456536618,324.0,163.0
2024-06-21,10950.0,276.0,316.0,167.0,197.0,0.1587953456536618,296.0,182.0
2024-06-21,11000.0,242.0,282.0,184.0,214.0,0.1587953456536618,262.0,199.0
2024-06-21,11050.0,222.0,252.0,206.0,236.0,0.1587953456536618,237.0,221.0
2024-06-21,11100.0,196.0,226.0,226.0,266.0,0.1587953456536618,211.0,246.0
2024-06-21,11150.0,171.0,201.0,250.0,290.0,0.1587953456536618,186.0,270.0
2024-06-21,11200.0,146.0,176.0,278.0,318.0,0.1587953456536618,161.0,298.0
2024-06-21,11250.0,126.0,156.0,305.0,345.0,0.1587953456536618,141.0,325.0
2024-06-21,11300.0,107.0,137.0,338.0,378.0,0.1587953456536618,122.0,358.0
2024-06-21,11350.0,92.0,121.0,371.0,411.0,0.1587953456536618,106.5,391.0
2024-06-21,11400.0,82.0,100.0,405.0,452.0,0.1587953456536618,91.0,428.5
2024-06-21,11450.0,68.0,86.0,437.0,487.0,0.1587953456536618,77.0,462.0
2024-06-21,11500.0,57.0,75.0,471.0,521.0,0.1587953456536618,66.0,496.0
2024-06-21,11550.0,45.0,63.0,514.0,564.0,0.1587953456536618,54.0,539.0
2024-06-21,11600.0,39.0,51.0,555.0,605.0,0.1587953456536618,45.0,580.0
2024-06-21,11650.0,32.0,44.0,597.0,647.0,0.1587953456536618,38.0,622.0
2024-06-21,11700.0,25.0,37.0,640.0,690.0,0.1587953456536618,31.0,665.0
2024-06-21,11750.0,21.0,33.0,684.0,734.0,0.1587953456536618,27.0,709.0
2024-06-21,11800.0,17.0,25.0,726.0,776.0,0.1587953456536618,21.0,751.0
2024-06-21,11900.0,10.0,18.0,813.0,873.0,0.1587953456536618,14.0,843.0
2024-06-21,12000.0,7.0,12.0,907.0,967.0,0.1587953456536618,9.5,937.0
2024-06-21,12100.0,5.0,10.0,1005.0,1065.0,0.1587953456536618,7.5,1035.0
2024-06-21,12200.0,3.0,8.0,1104.0,1164.0,0.1587953456536618,5.5,1134.0
2024-06-21,12300.0,1.0,6.0,1202.0,1262.0,0.1587953456536618,3.5,1232.0
2024-06-21,12400.0,,5.0,1298.0,1358.0,0.1587953456536618,5.0,1328.0
2024-06-21,12500.0,,5.0,1402.0,1462.0,0.1587953456536618,5.0,1432.0
2024-06-21,12600.0,,5.0,1501.0,1561.0,0.1587953456536618,5.0,1531.0
2024-06-21,12700.0,,5.0,1600.0,1660.0,0.1587953456536618,5.0,1630.0
2024-06-21,12800.0,,5.0,1694.0,1754.0,0.1587953456536618,5.0,1724.0
2024-06-21,12900.0,,5.0,1793.0,1853.0,0.1587953456536618,5.0,1823.0
2024-06-21,13000.0,,5.0,1892.0,1952.0,0.1587953456536618,5.0,1922.0
2024-06-21,13100.0,,5.0,1996.0,2056.0,0.1587953456536618,5.0,2026.0
2024-07-19,9200.0,1775.0,1835.0,12.0,20.0,0.2354551676933607,1805.0,16.0
2024-07-19,9300.0,1678.0,1738.0,14.0,22.0,0.2354551676933607,1708.0,18.0
2024-07-19,9400.0,1586.0,1646.0,17.0,25.0,0.2354551676933607,1616.0,21.0
2024-07-19,9500.0,1485.0,1545.0,20.0,28.0,0.2354551676933607,1515.0,24.0
2024-07-19,9600.0,1390.0,1450.0,23.0,35.0,0.2354551676933607,1420.0,29.0
2024-07-19,9700.0,1300.0,1360.0,27.0,39.0,0.2354551676933607,1330.0,33.0
2024-07-19,9800.0,1202.0,1262.0,32.0,44.0,0.2354551676933607,1232.0,38.0
2024-07-19,9900.0,1111.0,1171.0,38.0,50.0,0.2354551676933607,1141.0,44.0
2024-07-19,10000.0,1022.0,1082.0,42.0,60.0,0.2354551676933607,1052.0,51.0
2024-07-19,10050.0,972.0,1032.0,48.0,66.0,0.2354551676933607,1002.0,57.0
2024-07-19,10100.0,930.0,990.0,52.0,70.0,0.2354551676933607,960.0,61.0
2024-07-19,10150.0,884.0,944.0,57.0,75.0,0.2354551676933607,914.0,66.0
2024-07-19,10200.0,842.0,902.0,64.0,82.0,0.2354551676933607,872.0,73.0
2024-07-19,10250.0,797.0,857.0,70.0,88.0,0.2354551676933607,827.0,79.0
2024-07-19,10300.0,758.0,818.0,77.0,95.0,0.2354551676933607,788.0,86.0
2024-07-19,10350.0,722.0,772.0,84.0,102.0,0.2354551676933607,747.0,93.0
2024-07-19,10400.0,680.0,730.0,91.0,121.0,0.2354551676933607,705.0,106.0
2024-07-19,10450.0,636.0,686.0,97.0,127.0,0.2354551676933607,661.0,112.0
2024-07-19,10500.0,597.0,647.0,107.0,137.0,0.2354551676933607,622.0,122.0
2024-07-19,10550.0,558.0,608.0,117.0,147.0,0.2354551676933607,583.0,132.0
2024-07-19,10600.0,520.0,570.0,128.0,158.0,0.2354551676933607,545.0,143.0
2024-07-19,10650.0,484.0,534.0,141.0,171.0,0.2354551676933607,509.0,156.0
2024-07-19,10700.0,448.0,498.0,154.0,184.0,0.2354551676933607,473.0,169.0
2024-07-19,10750.0,413.0,463.0,169.0,199.0,0.2354551676933607,438.0,184.0
2024-07-19,10800.0,388.0,428.0,187.0,217.0,0.2354551676933607,408.0,202.0
2024-07-19,10850.0,353.0,393.0,204.0,234.0,0.2354551676933607,373.0,219.0
2024-07-19,10900.0,326.0,366.0,222.0,252.0,0.2354551676933607,346.0,237.0
2024-07-19,10950.0,293.0,333.0,238.0,278.0,0.2354551676933607,313.0,258.0
2024-07-19,11000.0,265.0,305.0,261.0,301.0,0.2354551676933607,285.0,281.0
2024-07-19,11050.0,238.0,278.0,284.0,324.0,0.2354551676933607,258.0,304.0
2024-07-19,11100.0,219.0,249.0,307.0,347.0,0.2354551676933607,234.0,327.0
2024-07-19,11150.0,197.0,227.0,333.0,373.0,0.2354551676933607,212.0,353.0
2024-07-19,11200.0,174.0,204.0,362.0,402.0,0.2354551676933607,189.0,382.0
2024-07-19,11250.0,153.0,183.0,388.0,428.0,0.2354551676933607,168.0,408.0
2024-07-19,11300.0,135.0,165.0,418.0,468.0,0.2354551676933607,150.0,443.0
2024-07-19,11350.0,117.0,147.0,450.0,500.0,0.2354551676933607,132.0,475.0
2024-07-19,11400.0,104.0,134.0,484.0,534.0,0.2354551676933607,119.0,509.0
2024-07-19,11450.0,91.0,121.0,519.0,569.0,0.2354551676933607,106.0,544.0
2024-07-19,11500.0,82.0,100.0,555.0,605.0,0.2354551676933607,91.0,580.0
2024-07-19,11550.0,69.0,87.0,593.0,643.0,0.2354551676933607,78.0,618.0
2024-07-19,11600.0,60.0,78.0,632.0,682.0,0.2354551676933607,69.0,657.0
2024-07-19,11650.0,50.0,68.0,673.0,723.0,0.2354551676933607,59.0,698.0
2024-07-19,11700.0,43.0,61.0,711.0,761.0,0.2354551676933607,52.0,736.0
2024-07-19,11750.0,37.0,49.0,755.0,809.0,0.2354551676933607,43.0,782.0
2024-07-19,11800.0,31.0,43.0,796.0,856.0,0.2354551676933607,37.0,826.0
2024-07-19,11900.0,22.0,34.0,880.0,940.0,0.2354551676933607,28.0,910.0
2024-07-19,12000.0,16.0,24.0,976.0,1036.0,0.2354551676933607,20.0,1006.0
2024-07-19,12100.0,11.0,19.0,1066.0,1126.0,0.2354551676933607,15.0,1096.0
2024-07-19,12200.0,9.0,14.0,1165.0,1225.0,0.2354551676933607,11.5,1195.0
2024-07-19,12300.0,6.0,11.0,1261.0,1321.0,0.2354551676933607,8.5,1291.0
2024-07-19,12400.0,4.0,9.0,1354.0,1414.0,0.2354551676933607,6.5,1384.0
2024-07-19,12500.0,3.0,8.0,1457.0,1517.0,0.2354551676933607,5.5,1487.0
2024-07-19,12600.0,2.0,7.0,1554.0,1614.0,0.2354551676933607,4.5,1584.0
2024-09-20,5300.0,5660.0,5720.0,,5.0,0.4079397672826831,5690.0,5.0
2024-09-20,5400.0,5566.0,5626.0,,5.0,0.4079397672826831,5596.0,5.0
2024-09-20,5500.0,5468.0,5528.0,,5.0,0.4079397672826831,5498.0,5.0
2024-09-20,5600.0,5367.0,5427.0,,5.0,0.4079397672826831,5397.0,5.0
2024-09-20,5700.0,5271.0,5331.0,,5.0,0.4079397672826831,5301.0,5.0
2024-09-20,5800.0,5168.0,5228.0,,5.0,0.4079397672826831,5198.0,5.0
2024-09-20,5900.0,5070.0,5130.0,,5.0,0.4079397672826831,5100.0,5.0
2024-09-20,6000.0,4976.0,5036.0,,5.0,0.4079397672826831,5006.0,5.0
2024-09-20,6100.0,4873.0,4933.0,,5.0,0.4079397672826831,4903.0,5.0
2024-09-20,6200.0,4775.0,4835.0,,5.0,0.4079397672826831,4805.0,5.0
2024-09-20,6300.0,4681.0,4741.0,,5.0,0.4079397672826831,4711.0,5.0
2024-09-20,6400.0,4578.0,4638.0,,5.0,0.4079397672826831,4608.0,5.0
2024-09-20,6500.0,4480.0,4540.0,,5.0,0.4079397672826831,4510.0,5.0
2024-09-20,6600.0,4382.0,4442.0,,5.0,0.4079397672826831,4412.0,5.0
2024-09-20,6700.0,4288.0,4348.0,,5.0,0.4079397672826831,4318.0,5.0
2024-09-20,6800.0,4185.0,4245.0,,5.0,0.4079397672826831,4215.0,5.0
2024-09-20,6900.0,4087.0,4147.0,,5.0,0.4079397672826831,4117.0,5.0
2024-09-20,7000.0,3989.0,4049.0,1.0,6.0,0.4079397672826831,4019.0,3.5
2024-09-20,7100.0,3891.0,3951.0,1.0,6.0,0.4079397672826831,3921.0,3.5
2024-09-20,7200.0,3793.0,3853.0,2.0,7.0,0.4079397672826831,3823.0,4.5
2024-09-20,7300.0,3695.0,3755.0,2.0,7.0,0.4079397672826831,3725.0,4.5
2024-09-20,7400.0,3602.0,3662.0,3.0,8.0,0.4079397672826831,3632.0,5.5
2024-09-20,7500.0,3504.0,3564.0,4.0,9.0,0.4079397672826831,3534.0,6.5
2024-09-20,7600.0,3407.0,3467.0,4.0,9.0,0.4079397672826831,3437.0,6.5
2024-09-20,7700.0,3309.0,3369.0,5.0,10.0,0.4079397672826831,3339.0,7.5
2024-09-20,7800.0,3212.0,3272.0,6.0,11.0,0.4079397672826831,3242.0,8.5
2024-09-20,7900.0,3109.0,3169.0,7.0,12.0,0.4079397672826831,3139.0,9.5
2024-09-20,8000.0,3017.0,3077.0,9.0,14.0,0.4079397672826831,3047.0,11.5
2024-09-20,8100.0,2915.0,2975.0,10.0,18.0,0.4079397672826831,2945.0,14.0
2024-09-20,8200.0,2818.0,2878.0,10.0,18.0,0.4079397672826831,2848.0,14.0
2024-09-20,8300.0,2721.0,2781.0,12.0,20.0,0.4079397672826831,2751.0,16.0
2024-09-20,8400.0,2625.0,2685.0,14.0,22.0,0.4079397672826831,2655.0,18.0
2024-09-20,8500.0,2528.0,2588.0,16.0,24.0,0.4079397672826831,2558.0,20.0
2024-09-20,8600.0,2432.0,2492.0,18.0,26.0,0.4079397672826831,2462.0,22.0
2024-09-20,8700.0,2336.0,2396.0,20.0,28.0,0.4079397672826831,2366.0,24.0
2024-09-20,8800.0,2240.0,2300.0,21.0,33.0,0.4079397672826831,2270.0,27.0
2024-09-20,8900.0,2145.0,2205.0,25.0,37.0,0.4079397672826831,2175.0,31.0
2024-09-20,9000.0,2050.0,2110.0,28.0,40.0,0.4079397672826831,2080.0,34.0
2024-09-20,9100.0,1955.0,2015.0,32.0,44.0,0.4079397672826831,1985.0,38.0
2024-09-20,9200.0,1866.0,1926.0,36.0,48.0,0.4079397672826831,1896.0,42.0
2024-09-20,9300.0,1768.0,1828.0,41.0,53.0,0.4079397672826831,1798.0,47.0
2024-09-20,9400.0,1675.0,1735.0,44.0,62.0,0.4079397672826831,1705.0,53.0
2024-09-20,9500.0,1583.0,1643.0,51.0,69.0,0.4079397672826831,1613.0,60.0
2024-09-20,9600.0,1491.0,1551.0,58.0,76.0,0.4079397672826831,1521.0,67.0
2024-09-20,9700.0,1403.0,1463.0,66.0,84.0,0.4079397672826831,1433.0,75.0
2024-09-20,9800.0,1312.0,1372.0,75.0,93.0,0.4079397672826831,1342.0,84.0
2024-09-20,9900.0,1224.0,1284.0,85.0,103.0,0.4079397672826831,1254.0,94.0
2024-09-20,10000.0,1139.0,1199.0,91.0,121.0,0.4079397672826831,1169.0,106.0
2024-09-20,10100.0,1056.0,1116.0,105.0,135.0,0.4079397672826831,1086.0,120.0
2024-09-20,10200.0,970.0,1030.0,120.0,150.0,0.4079397672826831,1000.0,135.0
2024-09-20,10300.0,888.0,948.0,136.0,166.0,0.4079397672826831,918.0,151.0
2024-09-20,10400.0,812.0,872.0,156.0,186.0,0.4079397672826831,842.0,171.0
2024-09-20,10500.0,738.0,788.0,177.0,207.0,0.4079397672826831,763.0,192.0
2024-09-20,10600.0,666.0,716.0,203.0,233.0,0.4079397672826831,691.0,218.0
2024-09-20,10700.0,595.0,645.0,226.0,266.0,0.4079397672826831,620.0,246.0
2024-09-20,10800.0,526.0,576.0,256.0,296.0,0.4079397672826831,551.0,276.0
2024-09-20,10900.0,462.0,512.0,293.0,333.0,0.4079397672826831,487.0,313.0
2024-09-20,11000.0,402.0,452.0,331.0,371.0,0.4079397672826831,427.0,351.0
2024-09-20,11100.0,353.0,393.0,374.0,414.0,0.4079397672826831,373.0,394.0
2024-09-20,11200.0,304.0,344.0,417.0,467.0,0.4079397672826831,324.0,442.0
2024-09-20,11300.0,256.0,296.0,466.0,516.0,0.4079397672826831,276.0,491.0
2024-09-20,11400.0,219.0,249.0,526.0,576.0,0.4079397672826831,234.0,551.0
2024-09-20,11500.0,181.0,211.0,587.0,637.0,0.4079397672826831,196.0,612.0
2024-09-20,11600.0,150.0,180.0,653.0,703.0,0.4079397672826831,165.0,678.0
2024-09-20,11700.0,120.0,150.0,722.0,772.0,0.4079397672826831,135.0,747.0
2024-09-20,11800.0,97.0,127.0,791.0,851.0,0.4079397672826831,112.0,821.0
2024-09-20,11900.0,81.0,99.0,870.0,930.0,0.4079397672826831,90.0,900.0
2024-09-20,12000.0,63.0,81.0,951.0,1011.0,0.4079397672826831,72.0,981.0
2024-09-20,12100.0,49.0,67.0,1033.0,1093.0,0.4079397672826831,58.0,1063.0
2024-09-20,12200.0,41.0,53.0,1122.0,1182.0,0.4079397672826831,47.0,1152.0
2024-09-20,12300.0,32.0,44.0,1206.0,1266.0,0.4079397672826831,38.0,1236.0
2024-09-20,12400.0,24.0,36.0,1297.0,1357.0,0.4079397672826831,30.0,1327.0
2024-09-20,12500.0,20.0,28.0,1390.0,1450.0,0.4079397672826831,24.0,1420.0
2024-09-20,12600.0,15.0,23.0,1487.0,1547.0,0.4079397672826831,19.0,1517.0
2024-09-20,12700.0,11.0,19.0,1577.0,1637.0,0.4079397672826831,15.0,1607.0
2024-09-20,12800.0,10.0,16.0,1678.0,1738.0,0.4079397672826831,13.0,1708.0
2024-09-20,12900.0,7.0,12.0,1774.0,1834.0,0.4079397672826831,9.5,1804.0
2024-09-20,13000.0,6.0,11.0,1866.0,1926.0,0.4079397672826831,8.5,1896.0
2024-09-20,13100.0,4.0,9.0,1963.0,2023.0,0.4079397672826831,6.5,1993.0
2024-09-20,13200.0,3.0,8.0,2065.0,2125.0,0.4079397672826831,5.5,2095.0
2024-09-20,13300.0,2.0,7.0,2163.0,2223.0,0.4079397672826831,4.5,2193.0
2024-09-20,13400.0,1.0,6.0,2256.0,2316.0,0.4079397672826831,3.5,2286.0
2024-09-20,13500.0,1.0,6.0,2354.0,2414.0,0.4079397672826831,3.5,2384.0
2024-09-20,13600.0,,5.0,2452.0,2512.0,0.4079397672826831,5.0,2482.0
2024-09-20,13700.0,,5.0,2550.0,2610.0,0.4079397672826831,5.0,2580.0
2024-09-20,13800.0,,5.0,2648.0,2708.0,0.4079397672826831,5.0,2678.0
2024-12-20,4500.0,6401.0,6461.0,,5.0,0.6570841889117043,6431.0,5.0
2024-12-20,4600.0,6303.0,6363.0,,5.0,0.6570841889117043,6333.0,5.0
2024-12-20,5000.0,5913.0,5973.0,,5.0,0.6570841889117043,5943.0,5.0
2024-12-20,5100.0,5818.0,5878.0,,5.0,0.6570841889117043,5848.0,5.0
2024-12-20,5200.0,5723.0,5783.0,,5.0,0.6570841889117043,5753.0,5.0
2024-12-20,5300.0,5623.0,5683.0,,5.0,0.6570841889117043,5653.0,5.0
2024-12-20,5400.0,5528.0,5588.0,,5.0,0.6570841889117043,5558.0,5.0
2024-12-20,5500.0,5431.0,5491.0,1.0,6.0,0.6570841889117043,5461.0,3.5
2024-12-20,5600.0,5329.0,5389.0,1.0,6.0,0.6570841889117043,5359.0,3.5
2024-12-20,5700.0,5232.0,5292.0,1.0,6.0,0.6570841889117043,5262.0,3.5
2024-12-20,5800.0,5139.0,5199.0,2.0,7.0,0.6570841889117043,5169.0,4.5
2024-12-20,5900.0,5042.0,5102.0,2.0,7.0,0.6570841889117043,5072.0,4.5
2024-12-20,6000.0,4940.0,5000.0,3.0,8.0,0.6570841889117043,4970.0,5.5
2024-12-20,6100.0,4843.0,4903.0,3.0,8.0,0.6570841889117043,4873.0,5.5
2024-12-20,6200.0,4746.0,4806.0,4.0,9.0,0.6570841889117043,4776.0,6.5
2024-12-20,6300.0,4649.0,4709.0,5.0,10.0,0.6570841889117043,4679.0,7.5
2024-12-20,6400.0,4557.0,4617.0,6.0,11.0,0.6570841889117043,4587.0,8.5
2024-12-20,6500.0,4458.0,4518.0,6.0,11.0,0.6570841889117043,4488.0,8.5
2024-12-20,6600.0,4361.0,4421.0,7.0,12.0,0.6570841889117043,4391.0,9.5
2024-12-20,6700.0,4262.0,4322.0,8.0,13.0,0.6570841889117043,4292.0,10.5
2024-12-20,6800.0,4166.0,4226.0,10.0,16.0,0.6570841889117043,4196.0,13.0
2024-12-20,6900.0,4069.0,4129.0,10.0,18.0,0.6570841889117043,4099.0,14.0
2024-12-20,7000.0,3973.0,4033.0,11.0,19.0,0.6570841889117043,4003.0,15.0
2024-12-20,7100.0,3877.0,3937.0,12.0,20.0,0.6570841889117043,3907.0,16.0
2024-12-20,7200.0,3781.0,3841.0,14.0,22.0,0.6570841889117043,3811.0,18.0
2024-12-20,7300.0,3685.0,3745.0,15.0,23.0,0.6570841889117043,3715.0,19.0
2024-12-20,7400.0,3589.0,3649.0,17.0,25.0,0.6570841889117043,3619.0,21.0
2024-12-20,7500.0,3498.0,3558.0,19.0,27.0,0.6570841889117043,3528.0,23.0
2024-12-20,7600.0,3398.0,3458.0,21.0,33.0,0.6570841889117043,3428.0,27.0
2024-12-20,7700.0,3302.0,3362.0,21.0,33.0,0.6570841889117043,3332.0,27.0
2024-12-20,7800.0,3207.0,3267.0,24.0,36.0,0.6570841889117043,3237.0,30.0
2024-12-20,7900.0,3112.0,3172.0,27.0,39.0,0.6570841889117043,3142.0,33.0
2024-12-20,8000.0,3017.0,3077.0,30.0,42.0,0.6570841889117043,3047.0,36.0
2024-12-20,8100.0,2923.0,2983.0,33.0,45.0,0.6570841889117043,2953.0,39.0
2024-12-20,8200.0,2829.0,2889.0,36.0,48.0,0.6570841889117043,2859.0,42.0
2024-12-20,8300.0,2735.0,2795.0,40.0,52.0,0.6570841889117043,2765.0,46.0
2024-12-20,8400.0,2641.0,2701.0,42.0,60.0,0.6570841889117043,2671.0,51.0
2024-12-20,8500.0,2548.0,2608.0,45.0,63.0,0.6570841889117043,2578.0,54.0
2024-12-20,8600.0,2455.0,2515.0,50.0,68.0,0.6570841889117043,2485.0,59.0
2024-12-20,8700.0,2363.0,2423.0,55.0,73.0,0.6570841889117043,2393.0,64.0
2024-12-20,8800.0,2271.0,2331.0,61.0,79.0,0.6570841889117043,2301.0,70.0
2024-12-20,8900.0,2179.0,2239.0,67.0,85.0,0.6570841889117043,2209.0,76.0
2024-12-20,9000.0,2089.0,2149.0,74.0,92.0,0.6570841889117043,2119.0,83.0
2024-12-20,9100.0,1999.0,2059.0,83.0,101.0,0.6570841889117043,2029.0,92.0
2024-12-20,9200.0,1911.0,1971.0,90.0,108.0,0.6570841889117043,1941.0,99.0
2024-12-20,9300.0,1821.0,1881.0,94.0,122.0,0.6570841889117043,1851.0,108.0
2024-12-20,9400.0,1737.0,1797.0,103.0,133.0,0.6570841889117043,1767.0,118.0
2024-12-20,9500.0,1645.0,1705.0,113.0,143.0,0.6570841889117043,1675.0,128.0
2024-12-20,9600.0,1560.0,1620.0,125.0,155.0,0.6570841889117043,1590.0,140.0
2024-12-20,9700.0,1475.0,1535.0,140.0,170.0,0.6570841889117043,1505.0,155.0
2024-12-20,9800.0,1392.0,1452.0,154.0,184.0,0.6570841889117043,1422.0,169.0
2024-12-20,9900.0,1309.0,1369.0,169.0,199.0,0.6570841889117043,1339.0,184.0
2024-12-20,10000.0,1229.0,1289.0,186.0,216.0,0.6570841889117043,1259.0,201.0
2024-12-20,10100.0,1152.0,1212.0,204.0,234.0,0.6570841889117043,1182.0,219.0
2024-12-20,10200.0,1074.0,1134.0,225.0,255.0,0.6570841889117043,1104.0,240.0
2024-12-20,10300.0,998.0,1058.0,242.0,282.0,0.6570841889117043,1028.0,262.0
2024-12-20,10400.0,923.0,983.0,266.0,306.0,0.6570841889117043,953.0,286.0
2024-12-20,10500.0,856.0,916.0,292.0,332.0,0.6570841889117043,886.0,312.0
2024-12-20,10600.0,787.0,847.0,320.0,360.0,0.6570841889117043,817.0,340.0
2024-12-20,10700.0,725.0,775.0,350.0,390.0,0.6570841889117043,750.0,370.0
2024-12-20,10800.0,658.0,708.0,383.0,423.0,0.6570841889117043,683.0,403.0
2024-12-20,10900.0,595.0,645.0,416.0,466.0,0.6570841889117043,620.0,441.0
2024-12-20,11000.0,537.0,587.0,455.0,505.0,0.6570841889117043,562.0,480.0
2024-12-20,11100.0,487.0,537.0,501.0,551.0,0.6570841889117043,512.0,526.0
2024-12-20,11200.0,433.0,483.0,546.0,596.0,0.6570841889117043,458.0,571.0
2024-12-20,11300.0,388.0,428.0,595.0,645.0,0.6570841889117043,408.0,620.0
2024-12-20,11400.0,346.0,386.0,645.0,695.0,0.6570841889117043,366.0,670.0
2024-12-20,11500.0,305.0,345.0,706.0,756.0,0.6570841889117043,325.0,731.0
2024-12-20,11600.0,265.0,305.0,757.0,817.0,0.6570841889117043,285.0,787.0
2024-12-20,11700.0,233.0,273.0,820.0,880.0,0.6570841889117043,253.0,850.0
2024-12-20,11800.0,204.0,234.0,890.0,950.0,0.6570841889117043,219.0,920.0
2024-12-20,11900.0,175.0,205.0,957.0,1017.0,0.6570841889117043,190.0,987.0
2024-12-20,12000.0,152.0,182.0,1029.0,1089.0,0.6570841889117043,167.0,1059.0
2024-12-20,12100.0,128.0,158.0,1102.0,1162.0,0.6570841889117043,143.0,1132.0
2024-12-20,12200.0,108.0,138.0,1183.0,1243.0,0.6570841889117043,123.0,1213.0
2024-12-20,12300.0,92.0,121.0,1264.0,1324.0,0.6570841889117043,106.5,1294.0
2024-12-20,12400.0,81.0,99.0,1345.0,1405.0,0.6570841889117043,90.0,1375.0
2024-12-20,12500.0,67.0,85.0,1428.0,1488.0,0.6570841889117043,76.0,1458.0
2024-12-20,12600.0,57.0,75.0,1516.0,1576.0,0.6570841889117043,66.0,1546.0
2024-12-20,12700.0,47.0,65.0,1603.0,1663.0,0.6570841889117043,56.0,1633.0
2024-12-20,12800.0,41.0,53.0,1692.0,1752.0,0.6570841889117043,47.0,1722.0
2024-12-20,12900.0,33.0,45.0,1783.0,1843.0,0.6570841889117043,39.0,1813.0
2024-12-20,13000.0,26.0,38.0,1872.0,1932.0,0.6570841889117043,32.0,1902.0
2024-12-20,13100.0,21.0,33.0,1967.0,2027.0,0.6570841889117043,27.0,1997.0
2024-12-20,13200.0,19.0,27.0,2060.0,2120.0,0.6570841889117043,23.0,2090.0
2024-12-20,13300.0,15.0,23.0,2154.0,2214.0,0.6570841889117043,19.0,2184.0
2024-12-20,13400.0,12.0,20.0,2246.0,2306.0,0.6570841889117043,16.0,2276.0
2024-12-20,13500.0,10.0,18.0,2341.0,2401.0,0.6570841889117043,14.0,2371.0
2024-12-20,13600.0,9.0,14.0,2439.0,2499.0,0.6570841889117043,11.5,2469.0
2024-12-20,13700.0,7.0,12.0,2532.0,2592.0,0.6570841889117043,9.5,2562.0
2024-12-20,13800.0,5.0,10.0,2628.0,2688.0,0.6570841889117043,7.5,2658.0
2025-03-21,5300.0,5613.0,5673.0,2.0,7.0,0.9062286105407256,5643.0,4.5
2025-03-21,5400.0,5519.0,5579.0,3.0,8.0,0.9062286105407256,5549.0,5.5
2025-03-21,5500.0,5423.0,5483.0,3.0,8.0,0.9062286105407256,5453.0,5.5
2025-03-21,5600.0,5329.0,5389.0,4.0,9.0,0.9062286105407256,5359.0,6.5
2025-03-21,5700.0,5228.0,5288.0,5.0,10.0,0.9062286105407256,5258.0,7.5
2025-03-21,5800.0,5132.0,5192.0,6.0,11.0,0.9062286105407256,5162.0,8.5
2025-03-21,5900.0,5040.0,5100.0,6.0,11.0,0.9062286105407256,5070.0,8.5
2025-03-21,6000.0,4945.0,5005.0,8.0,13.0,0.9062286105407256,4975.0,10.5
2025-03-21,6100.0,4847.0,4907.0,9.0,14.0,0.9062286105407256,4877.0,11.5
2025-03-21,6200.0,4749.0,4809.0,10.0,16.0,0.9062286105407256,4779.0,13.0
2025-03-21,6300.0,4656.0,4716.0,10.0,18.0,0.9062286105407256,4686.0,14.0
2025-03-21,6400.0,4558.0,4618.0,11.0,19.0,0.9062286105407256,4588.0,15.0
2025-03-21,6500.0,4463.0,4523.0,13.0,21.0,0.9062286105407256,4493.0,17.0
2025-03-21,6600.0,4370.0,4430.0,14.0,22.0,0.9062286105407256,4400.0,18.0
2025-03-21,6700.0,4275.0,4335.0,16.0,24.0,0.9062286105407256,4305.0,20.0
2025-03-21,6800.0,4180.0,4240.0,18.0,26.0,0.9062286105407256,4210.0,22.0
2025-03-21,6900.0,4083.0,4143.0,20.0,28.0,0.9062286105407256,4113.0,24.0
2025-03-21,7000.0,3988.0,4048.0,21.0,33.0,0.9062286105407256,4018.0,27.0
2025-03-21,7100.0,3896.0,3956.0,23.0,35.0,0.9062286105407256,3926.0,29.0
2025-03-21,7200.0,3804.0,3864.0,26.0,38.0,0.9062286105407256,3834.0,32.0
2025-03-21,7300.0,3705.0,3765.0,28.0,40.0,0.9062286105407256,3735.0,34.0
2025-03-21,7400.0,3612.0,3672.0,31.0,43.0,0.9062286105407256,3642.0,37.0
2025-03-21,7500.0,3520.0,3580.0,34.0,46.0,0.9062286105407256,3550.0,40.0
2025-03-21,7600.0,3424.0,3484.0,38.0,50.0,0.9062286105407256,3454.0,44.0
2025-03-21,7700.0,3333.0,3393.0,41.0,53.0,0.9062286105407256,3363.0,47.0
2025-03-21,7800.0,3240.0,3300.0,42.0,60.0,0.9062286105407256,3270.0,51.0
2025-03-21,7900.0,3145.0,3205.0,46.0,64.0,0.9062286105407256,3175.0,55.0
2025-03-21,8000.0,3055.0,3115.0,51.0,69.0,0.9062286105407256,3085.0,60.0
2025-03-21,8100.0,2963.0,3023.0,56.0,74.0,0.9062286105407256,2993.0,65.0
2025-03-21,8200.0,2869.0,2929.0,61.0,79.0,0.9062286105407256,2899.0,70.0
2025-03-21,8300.0,2780.0,2840.0,66.0,84.0,0.9062286105407256,2810.0,75.0
2025-03-21,8400.0,2689.0,2749.0,72.0,90.0,0.9062286105407256,2719.0,81.0
2025-03-21,8500.0,2596.0,2656.0,79.0,97.0,0.9062286105407256,2626.0,88.0
2025-03-21,8600.0,2506.0,2566.0,87.0,105.0,0.9062286105407256,2536.0,96.0
2025-03-21,8700.0,2419.0,2479.0,91.0,121.0,0.9062286105407256,2449.0,106.0
2025-03-21,8800.0,2328.0,2388.0,95.0,125.0,0.9062286105407256,2358.0,110.0
2025-03-21,8900.0,2240.0,2300.0,104.0,134.0,0.9062286105407256,2270.0,119.0
2025-03-21,9000.0,2153.0,2213.0,113.0,143.0,0.9062286105407256,2183.0,128.0
2025-03-21,9100.0,2066.0,2126.0,123.0,153.0,0.9062286105407256,2096.0,138.0
2025-03-21,9200.0,1980.0,2040.0,137.0,167.0,0.9062286105407256,2010.0,152.0
2025-03-21,9300.0,1896.0,1956.0,149.0,179.0,0.9062286105407256,1926.0,164.0
2025-03-21,9400.0,1812.0,1872.0,162.0,192.0,0.9062286105407256,1842.0,177.0
2025-03-21,9500.0,1729.0,1789.0,175.0,205.0,0.9062286105407256,1759.0,190.0
2025-03-21,9600.0,1651.0,1711.0,190.0,220.0,0.9062286105407256,1681.0,205.0
2025-03-21,9700.0,1569.0,1629.0,206.0,236.0,0.9062286105407256,1599.0,221.0
2025-03-21,9800.0,1487.0,1547.0,222.0,252.0,0.9062286105407256,1517.0,237.0
2025-03-21,9900.0,1410.0,1470.0,237.0,277.0,0.9062286105407256,1440.0,257.0
2025-03-21,10000.0,1334.0,1394.0,256.0,296.0,0.9062286105407256,1364.0,276.0
2025-03-21,10100.0,1260.0,1320.0,277.0,317.0,0.9062286105407256,1290.0,297.0
2025-03-21,10200.0,1185.0,1245.0,303.0,343.0,0.9062286105407256,1215.0,323.0
2025-03-21,10300.0,1108.0,1168.0,327.0,367.0,0.9062286105407256,1138.0,347.0
2025-03-21,10400.0,1040.0,1100.0,353.0,393.0,0.9062286105407256,1070.0,373.0
2025-03-21,10500.0,970.0,1030.0,381.0,421.0,0.9062286105407256,1000.0,401.0
2025-03-21,10600.0,903.0,963.0,407.0,457.0,0.9062286105407256,933.0,432.0
2025-03-21,10700.0,838.0,898.0,439.0,489.0,0.9062286105407256,868.0,464.0
2025-03-21,10800.0,781.0,841.0,472.0,522.0,0.9062286105407256,811.0,497.0
2025-03-21,10900.0,721.0,771.0,509.0,559.0,0.9062286105407256,746.0,534.0
2025-03-21,11000.0,664.0,714.0,550.0,600.0,0.9062286105407256,689.0,575.0
2025-03-21,11100.0,610.0,660.0,589.0,639.0,0.9062286105407256,635.0,614.0
2025-03-21,11200.0,562.0,612.0,638.0,688.0,0.9062286105407256,587.0,663.0
2025-03-21,11300.0,512.0,562.0,683.0,733.0,0.9062286105407256,537.0,708.0
2025-03-21,11400.0,463.0,513.0,733.0,783.0,0.9062286105407256,488.0,758.0
2025-03-21,11500.0,419.0,469.0,785.0,845.0,0.9062286105407256,444.0,815.0
2025-03-21,11600.0,385.0,425.0,841.0,901.0,0.9062286105407256,405.0,871.0
2025-03-21,11700.0,346.0,386.0,899.0,959.0,0.9062286105407256,366.0,929.0
2025-03-21,11800.0,310.0,350.0,960.0,1020.0,0.9062286105407256,330.0,990.0
2025-03-21,11900.0,280.0,320.0,1021.0,1081.0,0.9062286105407256,300.0,1051.0
2025-03-21,12000.0,249.0,289.0,1087.0,1147.0,0.9062286105407256,269.0,1117.0
2025-03-21,12100.0,225.0,255.0,1156.0,1216.0,0.9062286105407256,240.0,1186.0
2025-03-21,12200.0,200.0,230.0,1229.0,1289.0,0.9062286105407256,215.0,1259.0
2025-03-21,12300.0,176.0,206.0,1300.0,1360.0,0.9062286105407256,191.0,1330.0
2025-03-21,12400.0,154.0,184.0,1380.0,1440.0,0.9062286105407256,169.0,1410.0
2025-03-21,12500.0,135.0,165.0,1455.0,1515.0,0.9062286105407256,150.0,1485.0
2025-03-21,12600.0,117.0,147.0,1537.0,1597.0,0.9062286105407256,132.0,1567.0
2025-03-21,12700.0,103.0,133.0,1618.0,1678.0,0.9062286105407256,118.0,1648.0
2025-03-21,12800.0,92.0,121.0,1701.0,1761.0,0.9062286105407256,106.5,1731.0
2025-03-21,12900.0,81.0,99.0,1783.0,1843.0,0.9062286105407256,90.0,1813.0
2025-03-21,13000.0,70.0,88.0,1871.0,1931.0,0.9062286105407256,79.0,1901.0
2025-03-21,13100.0,61.0,79.0,1956.0,2016.0,0.9062286105407256,70.0,1986.0
2025-03-21,13200.0,52.0,70.0,2046.0,2106.0,0.9062286105407256,61.0,2076.0
2025-03-21,13300.0,44.0,62.0,2133.0,2193.0,0.9062286105407256,53.0,2163.0
2025-03-21,13400.0,41.0,53.0,2225.0,2285.0,0.9062286105407256,47.0,2255.0
2025-03-21,13500.0,34.0,46.0,2314.0,2374.0,0.9062286105407256,40.0,2344.0
2025-03-21,13600.0,30.0,42.0,2403.0,2463.0,0.9062286105407256,36.0,2433.0
2025-03-21,13700.0,24.0,36.0,2501.0,2561.0,0.9062286105407256,30.0,2531.0
2025-03-21,13800.0,21.0,33.0,2588.0,2648.0,0.9062286105407256,27.0,2618.0
2025-06-20,5000.0,5779.0,5839.0,4.0,9.0,1.1553730321697468,5809.0,6.5
2025-06-20,5100.0,5684.0,5744.0,5.0,10.0,1.1553730321697468,5714.0,7.5
2025-06-20,5200.0,5593.0,5653.0,6.0,11.0,1.1553730321697468,5623.0,8.5
2025-06-20,5300.0,5494.0,5554.0,7.0,12.0,1.1553730321697468,5524.0,9.5
2025-06-20,5400.0,5399.0,5459.0,8.0,13.0,1.1553730321697468,5429.0,10.5
2025-06-20,5500.0,5304.0,5364.0,10.0,16.0,1.1553730321697468,5334.0,13.0
2025-06-20,5600.0,5209.0,5269.0,10.0,18.0,1.1553730321697468,5239.0,14.0
2025-06-20,5700.0,5118.0,5178.0,11.0,19.0,1.1553730321697468,5148.0,15.0
2025-06-20,5800.0,5020.0,5080.0,12.0,20.0,1.1553730321697468,5050.0,16.0
2025-06-20,5900.0,4930.0,4990.0,14.0,22.0,1.1553730321697468,4960.0,18.0
2025-06-20,6000.0,4831.0,4891.0,15.0,23.0,1.1553730321697468,4861.0,19.0
2025-06-20,6100.0,4740.0,4800.0,17.0,25.0,1.1553730321697468,4770.0,21.0
2025-06-20,6200.0,4647.0,4707.0,19.0,27.0,1.1553730321697468,4677.0,23.0
2025-06-20,6300.0,4550.0,4610.0,21.0,33.0,1.1553730321697468,4580.0,27.0
2025-06-20,6400.0,4454.0,4514.0,22.0,33.0,1.1553730321697468,4484.0,27.5
2025-06-20,6500.0,4365.0,4425.0,24.0,35.0,1.1553730321697468,4395.0,29.5
2025-06-20,6600.0,4266.0,4326.0,27.0,39.0,1.1553730321697468,4296.0,33.0
2025-06-20,6700.0,4177.0,4237.0,30.0,42.0,1.1553730321697468,4207.0,36.0
2025-06-20,6800.0,4079.0,4139.0,33.0,45.0,1.1553730321697468,4109.0,39.0
2025-06-20,6900.0,3986.0,4046.0,36.0,48.0,1.1553730321697468,4016.0,42.0
2025-06-20,7000.0,3893.0,3953.0,39.0,51.0,1.1553730321697468,3923.0,45.0
2025-06-20,7100.0,3801.0,3861.0,42.0,58.0,1.1553730321697468,3831.0,50.0
2025-06-20,7200.0,3709.0,3769.0,42.0,60.0,1.1553730321697468,3739.0,51.0
2025-06-20,7300.0,3616.0,3676.0,47.0,65.0,1.1553730321697468,3646.0,56.0
2025-06-20,7400.0,3524.0,3584.0,51.0,69.0,1.1553730321697468,3554.0,60.0
2025-06-20,7500.0,3433.0,3493.0,56.0,74.0,1.1553730321697468,3463.0,65.0
2025-06-20,7600.0,3341.0,3401.0,60.0,78.0,1.1553730321697468,3371.0,69.0
2025-06-20,7700.0,3255.0,3315.0,65.0,83.0,1.1553730321697468,3285.0,74.0
2025-06-20,7800.0,3159.0,3219.0,71.0,89.0,1.1553730321697468,3189.0,80.0
2025-06-20,7900.0,3074.0,3134.0,76.0,94.0,1.1553730321697468,3104.0,85.0
2025-06-20,8000.0,2979.0,3039.0,83.0,101.0,1.1553730321697468,3009.0,92.0
2025-06-20,8100.0,2892.0,2952.0,89.0,107.0,1.1553730321697468,2922.0,98.0
2025-06-20,8200.0,2801.0,2861.0,91.0,121.0,1.1553730321697468,2831.0,106.0
2025-06-20,8300.0,2717.0,2777.0,99.0,129.0,1.1553730321697468,2747.0,114.0
2025-06-20,8400.0,2624.0,2684.0,107.0,137.0,1.1553730321697468,2654.0,122.0
2025-06-20,8500.0,2536.0,2596.0,116.0,146.0,1.1553730321697468,2566.0,131.0
2025-06-20,8600.0,2450.0,2510.0,126.0,154.0,1.1553730321697468,2480.0,140.0
2025-06-20,8700.0,2365.0,2425.0,136.0,164.0,1.1553730321697468,2395.0,150.0
2025-06-20,8800.0,2279.0,2339.0,147.0,175.0,1.1553730321697468,2309.0,161.0
2025-06-20,8900.0,2197.0,2257.0,157.0,187.0,1.1553730321697468,2227.0,172.0
2025-06-20,9000.0,2113.0,2173.0,169.0,199.0,1.1553730321697468,2143.0,184.0
2025-06-20,9100.0,2028.0,2088.0,183.0,213.0,1.1553730321697468,2058.0,198.0
2025-06-20,9200.0,1946.0,2006.0,197.0,227.0,1.1553730321697468,1976.0,212.0
2025-06-20,9300.0,1864.0,1924.0,212.0,242.0,1.1553730321697468,1894.0,227.0
2025-06-20,9400.0,1786.0,1846.0,226.0,266.0,1.1553730321697468,1816.0,246.0
2025-06-20,9500.0,1708.0,1768.0,240.0,280.0,1.1553730321697468,1738.0,260.0
2025-06-20,9600.0,1630.0,1690.0,259.0,299.0,1.1553730321697468,1660.0,279.0
2025-06-20,9700.0,1551.0,1611.0,278.0,318.0,1.1553730321697468,1581.0,298.0
2025-06-20,9800.0,1478.0,1538.0,298.0,338.0,1.1553730321697468,1508.0,318.0
2025-06-20,9900.0,1403.0,1463.0,320.0,360.0,1.1553730321697468,1433.0,340.0
2025-06-20,10000.0,1328.0,1388.0,347.0,387.0,1.1553730321697468,1358.0,367.0
2025-06-20,10100.0,1258.0,1318.0,368.0,408.0,1.1553730321697468,1288.0,388.0
2025-06-20,10200.0,1188.0,1248.0,396.0,436.0,1.1553730321697468,1218.0,416.0
2025-06-20,10300.0,1123.0,1183.0,417.0,467.0,1.1553730321697468,1153.0,442.0
2025-06-20,10400.0,1057.0,1117.0,447.0,497.0,1.1553730321697468,1087.0,472.0
2025-06-20,10500.0,988.0,1048.0,483.0,533.0,1.1553730321697468,1018.0,508.0
2025-06-20,10600.0,930.0,990.0,514.0,564.0,1.1553730321697468,960.0,539.0
2025-06-20,10700.0,865.0,925.0,551.0,601.0,1.1553730321697468,895.0,576.0
2025-06-20,10800.0,811.0,871.0,587.0,637.0,1.1553730321697468,841.0,612.0
2025-06-20,10900.0,752.0,812.0,626.0,676.0,1.1553730321697468,782.0,651.0
2025-06-20,11000.0,706.0,756.0,671.0,721.0,1.1553730321697468,731.0,696.0
2025-06-20,11100.0,654.0,704.0,715.0,765.0,1.1553730321697468,679.0,740.0
2025-06-20,11200.0,605.0,655.0,758.0,818.0,1.1553730321697468,630.0,788.0
2025-06-20,11300.0,557.0,607.0,808.0,868.0,1.1553730321697468,582.0,838.0
2025-06-20,11400.0,511.0,561.0,860.0,920.0,1.1553730321697468,536.0,890.0
2025-06-20,11500.0,469.0,519.0,912.0,972.0,1.1553730321697468,494.0,942.0
2025-06-20,11600.0,429.0,479.0,968.0,1028.0,1.1553730321697468,454.0,998.0
2025-06-20,11700.0,400.0,440.0,1029.0,1089.0,1.1553730321697468,420.0,1059.0
2025-06-20,11800.0,362.0,402.0,1087.0,1147.0,1.1553730321697468,382.0,1117.0
2025-06-20,11900.0,329.0,369.0,1149.0,1209.0,1.1553730321697468,349.0,1179.0
2025-06-20,12000.0,301.0,341.0,1219.0,1276.0,1.1553730321697468,321.0,1247.5
2025-06-20,12100.0,272.0,312.0,1286.0,1346.0,1.1553730321697468,292.0,1316.0
2025-06-20,12200.0,245.0,285.0,1356.0,1416.0,1.1553730321697468,265.0,1386.0
2025-06-20,12300.0,226.0,264.0,1427.0,1487.0,1.1553730321697468,245.0,1457.0
2025-06-20,12400.0,203.0,233.0,1499.0,1559.0,1.1553730321697468,218.0,1529.0
2025-06-20,12500.0,182.0,212.0,1577.0,1637.0,1.1553730321697468,197.0,1607.0
2025-06-20,12600.0,162.0,192.0,1651.0,1711.0,1.1553730321697468,177.0,1681.0
2025-06-20,12700.0,144.0,174.0,1728.0,1788.0,1.1553730321697468,159.0,1758.0
2025-06-20,12800.0,128.0,158.0,1810.0,1870.0,1.1553730321697468,143.0,1840.0
2025-06-20,12900.0,113.0,143.0,1891.0,1951.0,1.1553730321697468,128.0,1921.0
2025-06-20,13000.0,102.0,132.0,1976.0,2036.0,1.1553730321697468,117.0,2006.0
2025-06-20,13100.0,93.0,121.0,2061.0,2121.0,1.1553730321697468,107.0,2091.0
2025-06-20,13200.0,85.0,103.0,2146.0,2206.0,1.1553730321697468,94.0,2176.0
2025-06-20,13300.0,75.0,93.0,2232.0,2292.0,1.1553730321697468,84.0,2262.0
2025-06-20,13400.0,66.0,84.0,2319.0,2379.0,1.1553730321697468,75.0,2349.0
2025-06-20,13500.0,58.0,76.0,2408.0,2468.0,1.1553730321697468,67.0,2438.0
2025-06-20,13600.0,51.0,69.0,2498.0,2558.0,1.1553730321697468,60.0,2528.0
2025-12-19,12000.0,249.0,450.0,,,1.6536618754277892,349.5,
