Fecha;Strike;Precio_call;Precio_put;Vol_call;Vol_put
2024-05-03;8900,0;2154,0;5,0;1,3389526627671133;0,6849125154830709
2024-05-03;9000,0;2054,0;5,0;1,2862961827707395;0,6522976992077923
2024-05-03;9100,0;1954,0;5,0;1,2338330674525062;0,6198854269002881
2024-05-03;9200,0;1854,0;5,0;1,181526839171118;0,5876589104097082
2024-05-03;9300,0;1755,0;5,0;1,1324068020460707;0,5556003098493775
2024-05-03;9400,0;1655,0;5,0;1,0802084445139362;0,5236904540960575
2024-05-03;9500,0;1555,0;5,0;1,028036896739994;0,49190848469005577
2024-05-03;9600,0;1455,0;5,0;0,9758390196562203;0,46023139389487294
2024-05-03;9700,0;1355,0;5,0;0,923554617338505;0,42863341353051654
2024-05-03;9750,0;1305,0;5,0;0,8973587613263686;0,4128550849264618
2024-05-03;9800,0;1255,0;5,0;0,8711144854554294;0,39708518848346397
2024-05-03;9850,0;1205,0;5,0;0,8448112966747673;0,381319306961478
2024-05-03;9900,0;1155,0;5,0;0,818437753079583;0,3655526310076077
2024-05-03;9950,0;1105,0;5,0;0,7919813161796301;0,3497798930664006
2024-05-03;10000,0;1055,0;5,0;0,7654281729226199;0,3339952866027404
2024-05-03;10050,0;1005,0;5,0;0,7387630194985156;0,31819236639081067
2024-05-03;10100,0;955,0;5,0;0,711968796335052;0,3023639240531195
2024-05-03;10150,0;905,0;5,0;0,6850263600384012;0,28650183083150965
2024-05-03;10200,0;858,0;5,0;0,6647677404537263;0,2705968362239928
2024-05-03;10250,0;808,0;5,0;0,6373272079206291;0,2546383061749125
2024-05-03;10300,0;757,0;5,0;0,6074717606441419;0,23861387676578447
2024-05-03;10350,0;708,0;5,0;0,581741791747342;0,2225089870814783
2024-05-03;10400,0;659,0;5,0;0,5556228420480684;0,20630623474441528
2024-05-03;10425,0;634,0;5,0;0,5413672412752041;0,19816172793301487
2024-05-03;10450,0;607,0;5,0;0,5229125687010722;0,18998446317431875
2024-05-03;10475,0;584,0;5,0;0,5125734864273144;0,18177099147905484
2024-05-03;10500,0;560,0;5,0;0,5000238530020634;0,17351742828492905
2024-05-03;10525,0;535,0;5,0;0,48533191920523805;0,16521936828543374
2024-05-03;10550,0;510,0;5,0;0,4705142384702176;0,156871777285419
2024-05-03;10575,0;483,0;5,0;0,45168710314585114;0,14846885296133908
2024-05-03;10600,0;461,0;5,0;0,4423660535105242;0,14000384273737604
2024-05-03;10625,0;436,0;3,5;0,4270759282810987;0,12213627747954571
2024-05-03;10650,0;414,0;;0,41718962002952054;
2024-05-03;10675,0;390,0;4,5;0,4032900677729063;0,1114965604224342
2024-05-03;10700,0;365,0;5,5;0,38731303826240215;0,10772961091344664
2024-05-03;10725,0;343,0;7,5;0,37646083645167816;0,10685501192309256
2024-05-03;10750,0;320,0;9,5;0,3634338810726094;0,10402601155365196
2024-05-03;10775,0;294,0;11,5;0,34477810432511236;0,09966844610485472
2024-05-03;10800,0;274,0;14,0;0,3361629304731118;0,09525847871823884
2024-05-03;10825,0;251,0;18,0;0,3218359880854977;0,09271100859551104
2024-05-03;10850,0;231,0;22,0;0,31204128109311813;0,08805871710384205
2024-05-03;10875,0;210,0;28,0;0,2998838963730669;0,08509163048946583
2024-05-03;10900,0;191,0;31,0;0,29032455291702564;0,07438786887995621
2024-05-03;10925,0;172,0;37,0;0,27991983587277824;0,06623593849111334
2024-05-03;10950,0;152,0;45,0;0,26692265471786536;0,0574861614573652
2024-05-03;10975,0;136,0;51,0;0,2595091475007629;0,03732524455363837
2024-05-03;11000,0;121,0;60,0;0,25262982483617075;
2024-05-03;11025,0;105,0;70,0;0,24281128651710818;
2024-05-03;11050,0;90,0;81,0;0,23325625894941998;
2024-05-03;11075,0;78,0;93,0;0,22742496040399965;
2024-05-03;11100,0;67,0;108,0;0,22186948851953212;
2024-05-03;11125,0;55,0;121,0;0,2126538419181821;
2024-05-03;11150,0;46,0;137,0;0,20736865007600402;
2024-05-03;11175,0;39,0;153,0;0,20452137603712459;
2024-05-03;11200,0;31,0;171,0;0,1974798667496816;
2024-05-03;11225,0;27,0;191,0;0,1983165766698876;
2024-05-03;11250,0;21,0;210,0;0,19211624748221387;
2024-05-03;11275,0;17,0;231,0;0,18952050491107852;
2024-05-03;11300,0;14,0;253,0;0,18845508631111602;
2024-05-03;11325,0;10,5;275,0;0,18345018797216012;
2024-05-03;11350,0;8,5;300,0;0,18266615289394839;
2024-05-03;11375,0;6,5;324,0;0,18001766603017086;
2024-05-03;11400,0;5,5;347,0;0,18153312227498594;
2024-05-03;11425,0;4,5;370,0;0,18192936548970814;
2024-05-03;11450,0;3,5;395,0;0,1808474407664488;
2024-05-03;11475,0;5,0;420,0;0,20024186194680174;
2024-05-03;11500,0;5,0;443,0;0,20747305970265922;
2024-05-03;11525,0;5,0;469,0;0,214645761999396;
2024-05-03;11550,0;5,0;492,0;0,22176248675708307;
2024-05-03;11575,0;5,0;517,0;0,2288255269200749;
2024-05-03;11600,0;5,0;542,0;0,23583697901171394;
2024-05-03;11650,0;5,0;593,0;0,24971266318836388;
2024-05-03;11700,0;5,0;641,0;0,26340320735667655;
2024-05-03;11750,0;5,0;691,0;0,276920341546148;
2024-05-03;11800,0;5,0;740,0;0,29027424260097506;
2024-05-03;11900,0;5,0;844,0;0,316526961188614;
2024-05-03;12000,0;5,0;943,0;0,34222120163880143;
2024-05-03;12100,0;5,0;1043,0;0,36740492151506216;
2024-05-03;12200,0;5,0;1143,0;0,39211747462302154;
2024-05-03;12300,0;5,0;1243,0;0,4163917893026142;
2024-05-03;12400,0;5,0;1343,0;0,4402558705718683;
2024-05-03;12500,0;5,0;1443,0;0,4637338683532551;
2024-05-03;12600,0;5,0;1543,0;0,48684685721361565;
2024-05-10;8900,0;2162,0;5,0;0,9658397333625037;0,4843062842176132
2024-05-10;9000,0;2062,0;5,0;0,9281389449628648;0,46124412646234386
2024-05-10;9100,0;1962,0;5,0;0,890575365292124;0,4383251889199136
2024-05-10;9200,0;1862,0;5,0;0,8531228068707846;0,4155376005753752
2024-05-10;9300,0;1763,0;5,0;0,8178756247704537;0,39286874672386324
2024-05-10;9400,0;1663,0;5,0;0,7805005648505375;0,37030507133397694
2024-05-10;9500,0;1563,0;5,0;0,743143223559911;0,3478318252476951
2024-05-10;9600,0;1463,0;5,0;0,70576550923598;0,3254327395380023
2024-05-10;9700,0;1363,0;5,0;0,668324295771553;0,3030895933503057
2024-05-10;9750,0;1314,0;5,0;0,651424281142285;0,291932630198849
2024-05-10;9800,0;1264,0;5,0;0,6326006625753987;0,28078162948538893
2024-05-10;9850,0;1214,0;5,0;0,6137343836842934;0,2696334677498154
2024-05-10;9900,0;1164,0;5,0;0,5948172548397939;0,25848474426606466
2024-05-10;9950,0;1114,0;5,0;0,575840307129433;0,24733173430971295
2024-05-10;10000,0;1065,0;5,0;0,5585037860696916;0,23617033204114063
2024-05-10;10050,0;1015,0;5,0;0,5393470800664054;0,22499597999629228
2024-05-10;10100,0;968,0;5,0;0,5250319678192304;0,21380358108423067
2024-05-10;10150,0;916,0;5,0;0,5023594665453901;0,2025873874034431
2024-05-10;10200,0;866,0;5,0;0,4828513654049956;0,19134085786161173
2024-05-10;10250,0;819,0;5,0;0,4678635881115865;0,18005647304600755
2024-05-10;10300,0;770,0;3,5;0,4494850522004055;0,15859569307945162
2024-05-10;10350,0;721,0;3,5;0,4308611301740292;0,14771704785333803
2024-05-10;10400,0;672,0;4,5;0,4119644809903994;0,14305008719951834
2024-05-10;10450,0;625,0;5,5;0,3956049506346423;0,1368606241749022
2024-05-10;10500,0;572,0;7,5;0,37043087026050026;0,13351922034395036
2024-05-10;10550,0;524,0;9,5;0,3519196909371525;0,12792294070144802
2024-05-10;10600,0;477,0;11,5;0,3342257350526661;0,12058706877620846
2024-05-10;10650,0;431,5;15,0;0,317830134355703;0,1152982010279766
2024-05-10;10700,0;386,0;20,0;0,30060819801227656;0,11059207968869185
2024-05-10;10750,0;344,0;27,0;0,28677873877065413;0,1063210023767445
2024-05-10;10800,0;300,0;33,0;0,26927268115536523;0,09722309400176848
2024-05-10;10850,0;262,0;43,0;0,2575683101793095;0,09033371765991613
2024-05-10;10900,0;224,0;54,0;0,24408877395228634;0,08026306425437744
2024-05-10;10950,0;186,0;69,0;0,2285758827667478;0,06912705153276996
2024-05-10;11000,0;154,0;85,0;0,21768795280279596;0,04884118406189823
2024-05-10;11050,0;123,0;106,0;0,20516069581340668;
2024-05-10;11100,0;98,0;128,0;0,19668536368093936;
2024-05-10;11150,0;74,0;157,0;0,18582068317454734;
2024-05-10;11200,0;57,0;187,0;0,18044717360787257;
2024-05-10;11250,0;40,0;222,0;0,1707129366008609;
2024-05-10;11300,0;29,0;259,0;0,16620973883339235;
2024-05-10;11350,0;20,0;303,0;0,16105177657506925;
2024-05-10;11400,0;14,0;344,0;0,15833301059621885;
2024-05-10;11450,0;9,5;391,0;0,15564379150494909;
2024-05-10;11500,0;6,5;438,0;0,15425263486866755;
2024-05-10;11550,0;4,5;486,0;0,15387354310007562;
2024-05-10;11600,0;5,0;536,0;0,16676192711372737;
2024-05-10;11650,0;5,0;583,0;0,1765735174885032;
2024-05-10;11700,0;5,0;633,0;0,1862541941081934;
2024-05-10;11750,0;5,0;682,0;0,1958122513557862;
2024-05-10;11800,0;5,0;734,0;0,20525488534696312;
2024-05-10;11900,0;5,0;834,0;0,2238183606846568;
2024-05-10;12000,0;5,0;934,0;0,24198693234484597;
2024-05-10;12100,0;5,0;1033,0;0,25979451144461163;
2024-05-10;12200,0;5,0;1133,0;0,2772689253276793;
2024-05-10;12300,0;5,0;1233,0;0,2944334578461958;
2024-05-10;12400,0;5,0;1333,0;0,3113079115386832;
2024-05-10;12500,0;5,0;1433,0;0,32790936297852624;
2024-05-10;12600,0;5,0;1533,0;0,3442527141350898;
2024-05-17;8500,0;2564,0;5,0;0,9174481532316988;0,47210368203919145
2024-05-17;8600,0;2465,0;5,0;0,8879814609523161;0,45271693534718754
2024-05-17;8700,0;2365,0;5,0;0,8566066842693334;0,43348207046789905
2024-05-17;8800,0;2265,0;5,0;0,8254012697093365;0,4143907511795638
2024-05-17;8900,0;2165,0;5,0;0,7943471436875754;0,3954344251854951
2024-05-17;9000,0;2066,0;5,0;0,7652827720191551;0,37660425222945676
2024-05-17;9100,0;1966,0;5,0;0,7344272136082008;0,3578910180875304
2024-05-17;9200,0;1866,0;5,0;0,7036623707778049;0,33928503011668915
2024-05-17;9250,0;1816,0;5,0;0,6883067802016714;0,33001906260216185
2024-05-17;9300,0;1767,0;5,0;0,6746803010421794;0,32077598845339594
2024-05-17;9350,0;1717,0;5,0;0,6593262050726465;0,311554398872866
2024-05-17;9400,0;1667,0;5,0;0,6439792541729469;0,3023528246443937
2024-05-17;9450,0;1617,0;5,0;0,6286358593652162;0,2931697284447438
2024-05-17;9500,0;1567,0;5,0;0,6132922285030057;0,28400349605258807
2024-05-17;9550,0;1518,0;5,0;0,5995412031180235;0,2748524262497578
2024-05-17;9600,0;1468,0;5,0;0,5841618490933069;0,2657147191547229
2024-05-17;9650,0;1418,0;5,0;0,5687693483936096;0,2565884626757167
2024-05-17;9700,0;1369,0;5,0;0,5548833020694428;0,24747161668510956
2024-05-17;9750,0;1319,0;5,0;0,5394264498211854;0,23836199441859893
2024-05-17;9800,0;1269,0;5,0;0,5239405303437326;0,22925724046212806
2024-05-17;9850,0;1220,0;5,0;0,509871624941608;0,22015480452097994
2024-05-17;9900,0;1170,0;5,0;0,4942853685888921;0,2110519099152842
2024-05-17;9950,0;1121,0;5,0;0,4800528419894574;0,20194551541894293
2024-05-17;10000,0;1071,0;3,5;0,4643364089805741;0,18218284618672617
2024-05-17;10050,0;1022,0;3,5;0,44990749683187026;0,17344466279186002
2024-05-17;10100,0;974,0;4,5;0,4366791687700002;0,1715110514363833
2024-05-17;10150,0;925,0;4,5;0,4219625038736163;0,16247342477001073
2024-05-17;10200,0;876,0;5,0;0,4070965437829479;0,15622915623578307
2024-05-17;10250,0;829,0;6,5;0,3945623163791593;0,15425363691588162
2024-05-17;10300,0;780,0;7,5;0,3793029727714514;0,14878413645300767
2024-05-17;10350,0;731,0;9,5;0,36384464361921337;0,1460157676424115
2024-05-17;10400,0;682,0;10,5;0,3481650867000565;0,13885484588848995
2024-05-17;10450,0;632,0;14,0;0,3310891599868509;0,13764168815623523
2024-05-17;10500,0;585,0;16,0;0,3171560248787296;0,1311097150163162
2024-05-17;10550,0;540,0;21,0;0,30500058419659154;0,12948317634566017
2024-05-17;10600,0;496,0;25,5;0,29335499088476047;0,12489488208397302
2024-05-17;10650,0;452,0;32,0;0,2810545302880616;0,12164111521614292
2024-05-17;10700,0;399,0;65,0;0,2588280857755879;0,14857177041622047
2024-05-17;10750,0;365,0;43,0;0,2552537850870439;0,1068470548733494
2024-05-17;10800,0;326,0;52,5;0,245479172657537;0,10133742961444336
2024-05-17;10850,0;286,0;68,0;0,23357691574305753;0,09938643533288416
2024-05-17;10900,0;250,0;76,0;0,22424530332448706;0,0868677058230146
2024-05-17;10950,0;207,0;91,0;0,2067162812387241;0,07758890202195051
2024-05-17;11000,0;177,0;112,0;0,1998868529633806;0,06901618266647379
2024-05-17;11050,0;152,0;134,5;0,1959725026530165;0,05337612718672932
2024-05-17;11100,0;124,0;159,0;0,18701142872308973;
2024-05-17;11150,0;105,0;179,0;0,18488436150712428;
2024-05-17;11200,0;76,0;207,0;0,1693882196063601;
2024-05-17;11250,0;60,0;240,0;0,16514625658398596;
2024-05-17;11300,0;51,0;275,0;0,1672351671669328;
2024-05-17;11350,0;34,0;311,0;0,15544290177151687;
2024-05-17;11400,0;24,5;355,0;0,150825319946156;
2024-05-17;11450,0;20,0;396,0;0,15268085100940343;
2024-05-17;11500,0;14,0;441,0;0,1488730974141401;
2024-05-17;11550,0;10,5;487,0;0,14840258596303232;
2024-05-17;11600,0;7,5;532,0;0,14689630612017626;
2024-05-17;11650,0;5,5;580,0;0,1466295983093388;
2024-05-17;11700,0;3,0;630,0;0,13990174936369335;
2024-05-17;11750,0;5,0;678,0;0,15988003373575058;
2024-05-17;11800,0;5,0;730,0;0,1675899121039946;
2024-05-17;11900,0;5,0;829,0;0,18274692624808245;
2024-05-17;12000,0;5,0;928,0;0,19758150288829435;
2024-05-17;12100,0;5,0;1028,0;0,21212133033831373;
2024-05-17;12200,0;5,0;1128,0;0,22638912952754317;
2024-05-17;12300,0;5,0;1227,0;0,24040391164221275;
2024-05-17;12400,0;5,0;1327,0;0,25418184538699873;
2024-05-17;12500,0;5,0;1427,0;0,2677368737261574;
2024-05-17;12600,0;5,0;1526,0;0,28108116406640377;
2024-05-17;12700,0;5,0;1626,0;0,294225444322821;
2024-06-21;5200,0;5854,0;5,0;1,3062532585075999;0,7692836295611482
2024-06-21;5300,0;5754,0;5,0;1,2773847664896714;0,7509629637410443
2024-06-21;5400,0;5655,0;5,0;1,2514827605868362;0,7329779742982624
2024-06-21;5500,0;5555,0;5,0;1,2236334203455472;0,7153152512215082
2024-06-21;5600,0;5456,0;5,0;1,1986093728669982;0,6979621051746256
2024-06-21;5700,0;5357,0;5,0;1,173969935216583;0,6809065137638437
2024-06-21;5800,0;5257,0;5,0;1,1474729640186327;0,6641370724539821
2024-06-21;5900,0;5158,0;5,0;1,123602051567624;0,647642949621456
2024-06-21;6000,0;5058,0;5,0;1,0979295466410735;0,6314138453230655
2024-06-21;6100,0;4959,0;5,0;1,07476232219588;0,6154399533723112
2024-06-21;6200,0;4860,0;5,0;1,0519017125069747;0,5997119263951777
2024-06-21;6300,0;4760,0;5,0;1,0273264493579919;0,5842208435441398
2024-06-21;6400,0;4661,0;5,0;1,0050840330152162;0,5689581805987641
2024-06-21;6500,0;4561,0;5,0;0,9811809780189681;0,553915782202651
2024-06-21;6600,0;4462,0;5,0;0,9595050788717501;0,5390858360106318
2024-06-21;6700,0;4363,0;5,0;0,9380737066132416;0,5244608485418186
2024-06-21;6800,0;4263,0;5,0;0,9150645789019298;0,5100336225495422
2024-06-21;6900,0;4164,0;5,0;0,8941301605708325;0,49579723573489565
2024-06-21;7000,0;4065,0;5,0;0,8734084472945723;0,4817450206418678
2024-06-21;7100,0;3965,0;5,0;0,8511889687570263;0,4678705455813536
2024-06-21;7200,0;3866,0;5,0;0,8309013012328289;0,4541675964386612
2024-06-21;7300,0;3766,0;5,0;0,8091655240467245;0,44063015922268767
2024-06-21;7400,0;3667,0;5,0;0,7892723619303514;0,42725240321901004
2024-06-21;7500,0;3568,0;5,0;0,7695442945697025;0,41402866460690774
2024-06-21;7600,0;3468,0;5,0;0,7484431130223053;0,40095343039713083
2024-06-21;7700,0;3369,0;5,0;0,7290538249041513;0,38802132254259497
2024-06-21;7800,0;3270,0;5,0;0,7098032312233316;0,3752270820620278
2024-06-21;7900,0;3170,0;5,0;0,6892511147684195;0,36256555300234394
2024-06-21;8000,0;3071,0;5,0;0,6702855657631254;0,3500316660461013
2024-06-21;8100,0;2972,0;5,0;0,651432751490599;0,33762042154267513
2024-06-21;8200,0;2873,0;5,0;0,6326841111717861;0,3253268717065037
2024-06-21;8300,0;2775,0;5,0;0,61533346656524;0,31314610167887924
2024-06-21;8400,0;2674,0;5,0;0,5941896509062875;0,3010732090896434
2024-06-21;8500,0;2575,0;5,0;0,5757315730801963;0,2891032816713029
2024-06-21;8600,0;2476,0;5,0;0,5573412908052429;0,2772313723792907
2024-06-21;8700,0;2377,0;5,0;0,5390091079527296;0,26545247132283367
2024-06-21;8800,0;2278,0;5,0;0,5207248903786142;0,25376147362964047
2024-06-21;8900,0;2181,0;3,5;0,5047238131367027;0,2306959897881013
2024-06-21;9000,0;2081,0;4,5;0,4853522283119165;0,22723058140322594
2024-06-21;9100,0;1982,0;4,5;0,46711639063292776;0,21590583398274366
2024-06-21;9200,0;1885,0;5,5;0,4509506308432137;0,21069320358009833
2024-06-21;9300,0;1787,0;6,5;0,43364988545453986;0,204375582740465
2024-06-21;9400,0;1689,0;7,5;0,41626355572597346;0,19719664269189793
2024-06-21;9500,0;1591,0;9,5;0,3987752124487572;0,19295862042631465
2024-06-21;9600,0;1491,0;11,5;0,37933296718987514;0,18717674627704345
2024-06-21;9700,0;1396,0;14,0;0,3643009753573368;0,18150279280515857
2024-06-21;9750,0;1348,0;14,0;0,35622108790057666;0,17512295611424492
2024-06-21;9800,0;1299,0;16,0;0,347211741369239;0,17341874344940064
2024-06-21;9850,0;1251,0;17,0;0,3389953297770961;0,16907047733391065
2024-06-21;9900,0;1203,0;21,0;0,33069757562067326;0,17032126356053937
2024-06-21;9950,0;1153,0;21,0;0,3206883723904438;0,16351985402909408
2024-06-21;10000,0;1108,0;23,0;0,3146380220669914;0,1601353856515803
2024-06-21;10050,0;1061,0;27,0;0,3068373033214392;0,15947441626321848
2024-06-21;10100,0;1011,0;28,0;0,296602834788719;0,15378860633418392
2024-06-21;10150,0;968,0;31,0;0,29159398405220327;0,1506802389225395
2024-06-21;10200,0;919,0;35,0;0,2818962431092438;0,1483619327079944
2024-06-21;10250,0;873,0;39,0;0,2742786742828861;0,1454595748619234
2024-06-21;10300,0;829,0;43,0;0,2678952473717501;0,14203008631507258
2024-06-21;10350,0;781,0;47,0;0,2584764856595731;0,13811307486156404
2024-06-21;10400,0;741,0;52,0;0,2543674976038616;0,1346761726031179
2024-06-21;10450,0;698,0;59,0;0,24787431120188444;0,13244067745509533
2024-06-21;10500,0;651,0;65,0;0,23845321715446494;0,12864702335414796
2024-06-21;10550,0;610,0;73,0;0,2326734443825591;0,1258080445233344
2024-06-21;10600,0;571,0;80,0;0,22777490335974546;0,12148885948741381
2024-06-21;10650,0;527,0;89,5;0,2193289911749503;0,11825908912547496
2024-06-21;10700,0;490,5;102,5;0,21511467233700218;0,11652587298321496
2024-06-21;10750,0;450,5;111,5;0,20826657473924953;0,11124392278977893
2024-06-21;10800,0;416,0;124,0;0,2042097640113075;0,1072908426318128
2024-06-21;10850,0;379,5;138,0;0,19837976706176447;0,10321466126430569
2024-06-21;10900,0;344,0;153,0;0,19253409891455503;0,09858719923467525
2024-06-21;10950,0;311,0;171,0;0,18749492667888368;0,09442999650055588
2024-06-21;11000,0;280,5;189,0;0,18320373711712284;0,08878403127980743
2024-06-21;11050,0;251,0;208,5;0,1787335396519469;0,08222202773363221
2024-06-21;11100,0;223,0;231,0;0,174329978112999;0,07519939377608342
2024-06-21;11150,0;196,5;256,0;0,16994599718956474;0,0666058125036451
2024-06-21;11200,0;178,5;281,0;0,1698725818841095;0,051155878790437925
2024-06-21;11250,0;150,0;307,0;0,1623204732279572;
2024-06-21;11300,0;131,0;338,0;0,1597347200400122;
2024-06-21;11350,0;112,0;368,0;0,15610993420315425;
2024-06-21;11400,0;96,0;404,0;0,15347456556827763;
2024-06-21;11450,0;81,0;440,0;0,15045196841027308;
2024-06-21;11500,0;68,0;473,0;0,14781443866892924;
2024-06-21;11550,0;57,0;514,0;0,1456892025231238;
2024-06-21;11600,0;50,0;555,0;0,14623246100399442;
2024-06-21;11650,0;40,0;593,0;0,14275448594759896;
2024-06-21;11700,0;33,0;637,0;0,14120028458886844;
2024-06-21;11750,0;27,0;682,0;0,13969978627241353;
2024-06-21;11800,0;22,0;724,0;0,138398672721481;
2024-06-21;11900,0;15,0;818,0;0,1374103556573434;
2024-06-21;12000,0;10,5;913,0;0,13774402856595705;
2024-06-21;12100,0;7,5;1011,0;0,13886951278261356;
2024-06-21;12200,0;5,5;1106,0;0,1407165767640382;
2024-06-21;12300,0;3,5;1206,0;0,1397009144742103;
2024-06-21;12400,0;5,0;1306,0;0,1556539557692823;
2024-06-21;12500,0;5,0;1403,0;0,16395468148926326;
2024-06-21;12600,0;5,0;1502,0;0,17212635706755172;
2024-06-21;12700,0;5,0;1601,0;0,18017555198363297;
2024-06-21;12800,0;5,0;1702,0;0,18810811087119167;
2024-06-21;12900,0;5,0;1801,0;0,19592927483432104;
2024-06-21;13000,0;5,0;1900,0;0,2036437768321283;
2024-06-21;13100,0;5,0;1999,0;0,21125591769842153;
2024-07-19;9200,0;1831,0;16,0;0,31931553435846616;0,20552098770462351
2024-07-19;9300,0;1731,0;18,0;0,304846078492326;0,1992817984389088
2024-07-19;9400,0;1635,0;21,0;0,29409117334555973;0,1944021206449741
2024-07-19;9500,0;1542,0;26,0;0,28569479238718537;0,19198231674877525
2024-07-19;9600,0;1447,0;29,0;0,27513553294438436;0,18514272524623207
2024-07-19;9700,0;1353,0;32,0;0,26502884266500215;0,1776919105804936
2024-07-19;9800,0;1256,0;38,0;0,2522306448919983;0,17334430550996724
2024-07-19;9900,0;1165,0;45,0;0,24355514539315565;0,16885664213062082
2024-07-19;10000,0;1075,0;52,0;0,23491524961667468;0,1631214097383225
2024-07-19;10050,0;1030,0;57,0;0,2303273777753106;0,16119665511904033
2024-07-19;10100,0;985,0;62,0;0,22556128248097762;0,1588785453551371
2024-07-19;10150,0;941,0;66,0;0,22125080632555344;0,15538430280110016
2024-07-19;10200,0;898,0;73,0;0,21734718424124613;0,15394427503592395
2024-07-19;10250,0;850,0;78,0;0,21017920973135673;0,1505622419226495
2024-07-19;10300,0;810,0;85,0;0,20763533468729298;0,1482732451007317
2024-07-19;10350,0;769,0;93,0;0,20418169863261404;0,1462280184008199
2024-07-19;10400,0;727,0;107,0;0,19986549955205768;0,14751780761861485
2024-07-19;10450,0;687,0;110,0;0,1963716139012252;0,14138803119840257
2024-07-19;10500,0;648,0;119,0;0,19308717625550745;0,138581839338148
2024-07-19;10550,0;605,0;129,5;0,1873461473524868;0,1361645726117687
2024-07-19;10600,0;566,5;140,5;0,18365441354741946;0,13351000468760083
2024-07-19;10650,0;529,5;151,5;0,18035026068277646;0,1303353587458747
2024-07-19;10700,0;493,5;165,0;0,1771386575798653;0,12792513577134074
2024-07-19;10750,0;458,5;179,5;0,1739896652494202;0,12542231939310744
2024-07-19;10800,0;424,5;194,5;0,17087467407757706;0,12254298407502652
2024-07-19;10850,0;391,0;211,5;0,1675247662865432;0,11998480690471072
2024-07-19;10900,0;359,0;231,0;0,16439644786570679;0,11792669292259364
2024-07-19;10950,0;329,0;248,0;0,16169696355688998;0,1139259619067357
2024-07-19;11000,0;298,5;266,0;0,15820231480754388;0,10960289779296187
2024-07-19;11050,0;272,0;293,0;0,15604155409210105;0,10875407440966077
2024-07-19;11100,0;247,0;318,0;0,15400427351978446;0,10604963847413798
2024-07-19;11150,0;223,0;340,0;0,15183416740060873;0,10079917467215857
2024-07-19;11200,0;201,0;369,0;0,15001255002018984;0,09798587148909033
2024-07-19;11250,0;179,0;396,0;0,14752770800326998;0,09276619456869642
2024-07-19;11300,0;159,0;426,0;0,1453720437128666;0,08759670875079814
2024-07-19;11350,0;140,0;456,0;0,143023627501248;0,08010547994580618
2024-07-19;11400,0;123,0;490,0;0,14102430770412497;0,07219237269787099
2024-07-19;11450,0;109,0;526,0;0,14001732643230827;0,059697760378455506
2024-07-19;11500,0;95,0;562,0;0,1382936617659023;
2024-07-19;11550,0;84,0;596,0;0,1377363282459367;
2024-07-19;11600,0;72,0;637,0;0,13578476837673534;
2024-07-19;11650,0;62,0;678,0;0,13443820447425803;
2024-07-19;11700,0;53,0;719,0;0,13306459627152425;
2024-07-19;11750,0;46,0;759,0;0,13258863313855174;
2024-07-19;11800,0;40,0;802,0;0,13234386373070217;
2024-07-19;11900,0;29,0;891,0;0,13079793193634184;
2024-07-19;12000,0;22,0;981,0;0,13126356662761193;
2024-07-19;12100,0;16,0;1075,0;0,13079916565812363;
2024-07-19;12200,0;11,5;1170,0;0,13040526569712854;
2024-07-19;12300,0;8,5;1265,0;0,13095006588625077;
2024-07-19;12400,0;6,5;1364,0;0,13234412418136118;
2024-07-19;12500,0;5,5;1463,0;0,1357909873004664;
2024-07-19;12600,0;4,5;1561,0;0,1384136574641771;
2024-09-20;5300,0;5719,0;5,0;0,7305693844705621;0,46350440401081405
2024-09-20;5400,0;5618,0;5,0;0,7123816346705856;0,4524038275306114
2024-09-20;5500,0;5522,0;5,0;0,7032187140454602;0,4415021581700481
2024-09-20;5600,0;5421,0;5,0;0,685615251770566;0,4307915639000482
2024-09-20;5700,0;5323,0;5,0;0,6732935310318111;0,4202646243390813
2024-09-20;5800,0;5224,0;5,0;0,6594850079887454;0,4099143004544762
2024-09-20;5900,0;5126,0;5,0;0,6474184229821471;0,3997339068238028
2024-09-20;6000,0;5030,0;5,0;0,638446124523193;0,38971708618319556
2024-09-20;6100,0;4929,0;5,0;0,6221052164149654;0,37985778602344683
2024-09-20;6200,0;4831,0;5,0;0,6103600488422487;0,3701502370199809
2024-09-20;6300,0;4735,0;5,0;0,6014640564823991;0,36058893310615153
2024-09-20;6400,0;4634,0;5,0;0,5857670588606401;0,3511686130188969
2024-09-20;6500,0;4536,0;5,0;0,5743033414388218;0,34188424316294386
2024-09-20;6600,0;4439,0;5,0;0,564192429281489;0,3327310016542142
2024-09-20;6700,0;4339,0;5,0;0,5503428319276534;0,3237042634158569
2024-09-20;6800,0;4241,0;5,0;0,5391236657776701;0,3147995862107809
2024-09-20;6900,0;4143,0;5,0;0,5279671466187842;0,30601269750335613
2024-09-20;7000,0;4045,0;5,0;0,5168701615976344;0,2973394820502138
2024-09-20;7100,0;3947,0;3,5;0,5058295919882992;0,27657529547042964
2024-09-20;7200,0;3849,0;3,5;0,49484230617898584;0,26842200169199054
2024-09-20;7300,0;3751,0;4,5;0,48390515200863393;0,268406322617017
2024-09-20;7400,0;3653,0;5,5;0,47301494837813685;0,2669403085059114
2024-09-20;7500,0;3557,0;5,5;0,46417520364179143;0,2586947374174697
2024-09-20;7600,0;3459,0;6,5;0,4533160994335063;0,2561495336084438
2024-09-20;7700,0;3360,0;7,5;0,44154617645742517;0,2528562515671745
2024-09-20;7800,0;3264,0;8,5;0,43263162874077116;0,24897911948000995
2024-09-20;7900,0;3167,0;9,5;0,42274801458882344;0,2446318651290647
2024-09-20;8000,0;3071,0;10,5;0,4137092329141632;0,23989671905389104
2024-09-20;8100,0;2972,0;13,0;0,40207302331973693;0,23943274884048024
2024-09-20;8200,0;2877,0;14,0;0,3937811483569924;0,2337488938984189
2024-09-20;8300,0;2779,0;15,0;0,38298609030777964;0,2278622086654152
2024-09-20;8400,0;2682,0;17,0;0,3729783972017934;0,22413456269063137
2024-09-20;8500,0;2586,0;19,0;0,36368709636196256;0,21987852594766014
2024-09-20;8600,0;2489,0;22,0;0,3535905174086296;0,21706430732388188
2024-09-20;8700,0;2394,0;24,0;0,3448636641129668;0,21183367287386187
2024-09-20;8800,0;2298,0;27,0;0,33532796063583553;0,20786347458485857
2024-09-20;8900,0;2200,0;30,0;0,32438233316682136;0,20336542437685465
2024-09-20;9000,0;2108,0;34,0;0,3172736509034252;0,19971656504748292
2024-09-20;9100,0;2011,0;38,0;0,30681030387697467;0,1954562235347043
2024-09-20;9200,0;1920,0;43,0;0,29988352878684615;0,19175166873263197
2024-09-20;9300,0;1827,0;47,0;0,2915006385453339;0,18641626302528153
2024-09-20;9400,0;1731,0;53,0;0,2812241104853295;0,18251079138185736
2024-09-20;9500,0;1640,0;60,0;0,27353837873583425;0,17879419768392033
2024-09-20;9600,0;1552,0;67,0;0,26711221902236865;0,17437332399801436
2024-09-20;9700,0;1460,0;74,0;0,25826969699632113;0,16932527017522847
2024-09-20;9800,0;1371,0;82,0;0,2506135612918693;0,16436693096440622
2024-09-20;9900,0;1283,0;93,0;0,24305059293295278;0,16062385648408353
2024-09-20;10000,0;1197,0;104,5;0,23598067762819414;0,15632739169924484
2024-09-20;10100,0;1107,0;117,5;0,2266799954832788;0,1520163998192694
2024-09-20;10200,0;1023,5;133,0;0,21976074517204372;0,14807897777721826
2024-09-20;10300,0;943,0;150,0;0,21350410074855072;0,1438704225484558
2024-09-20;10400,0;863,5;168,5;0,20698864087818608;0,13931710018735288
2024-09-20;10500,0;785,5;190,5;0,20036022322884595;0,13516806680684357
2024-09-20;10600,0;711,0;214,0;0,1943086658379616;0,13044016484189325
2024-09-20;10700,0;640,0;243,0;0,18871418736487713;0,12656906176647115
2024-09-20;10800,0;572,0;269,5;0,1832857268676913;0,1203693140848804
2024-09-20;10900,0;507,0;304,0;0,17793134114453912;0,11560843352129316
2024-09-20;11000,0;443,5;339,5;0,1720186443168075;0,10949216128514226
2024-09-20;11100,0;387,0;382,5;0,16744461627482365;0,10413600489226874
2024-09-20;11200,0;335,5;427,0;0,16341510188749786;0,09701401226642846
2024-09-20;11300,0;287,0;478,5;0,15913940564165308;0,0897054897464542
2024-09-20;11400,0;244,5;533,0;0,15570214530836046;0,07962918816988938
2024-09-20;11500,0;206,0;597,0;0,15235035551191473;0,06772510411625703
2024-09-20;11600,0;173,0;659,0;0,1497246249980544;
2024-09-20;11700,0;144,0;730,0;0,14729447768738463;
2024-09-20;11800,0;118,0;800,0;0,14466152496717127;
2024-09-20;11900,0;96,0;880,0;0,1423828962236335;
2024-09-20;12000,0;77,0;956,0;0,14007750422272996;
2024-09-20;12100,0;63,0;1042,0;0,1392155802439598;
2024-09-20;12200,0;51,0;1128,0;0,138272892682593;
2024-09-20;12300,0;39,0;1214,0;0,13568416684439238;
2024-09-20;12400,0;32,0;1307,0;0,13589276474910306;
2024-09-20;12500,0;27,0;1398,0;0,13705690242161472;
2024-09-20;12600,0;21,0;1493,0;0,13594564448382004;
2024-09-20;12700,0;17,0;1589,0;0,13614204793442908;
2024-09-20;12800,0;14,0;1682,0;0,1368509454385761;
2024-09-20;12900,0;11,5;1778,0;0,13753296445519544;
2024-09-20;13000,0;9,5;1874,0;0,1383698491326293;
2024-09-20;13100,0;7,5;1974,0;0,1382655595677088;
2024-09-20;13200,0;6,5;2069,0;0,1401259134567958;
2024-09-20;13300,0;5,5;2169,0;0,14145172560500835;
2024-09-20;13400,0;4,5;2264,0;0,14210798565064214;
2024-09-20;13500,0;4,5;2362,0;0,14652888979612053;
2024-09-20;13600,0;3,5;2460,0;0,14613037076528623;
2024-09-20;13700,0;3,5;2558,0;0,15034506375159248;
2024-09-20;13800,0;5,0;2656,0;0,16169087218292935;
2024-12-20;4500,0;6458,0;5,0;0,5529938781958637;0,4405587846938461
2024-12-20;4600,0;6360,0;5,0;0,5467089283289378;0,4303138688444195
2024-12-20;5000,0;5970,0;5,0;0,5243947231466484;0,3914474507740668
2024-12-20;5100,0;5873,0;5,0;0,5192713533517642;0,3822139100603242
2024-12-20;5200,0;5775,0;5,0;0,5117316270469264;0,3731573718516988
2024-12-20;5300,0;5678,0;5,0;0,5061521966779373;0,36427054358009786
2024-12-20;5400,0;5583,0;5,0;0,5040813428865167;0,35554654226838767
2024-12-20;5500,0;5483,0;5,0;0,4925052603622494;0,3469788631057847
2024-12-20;5600,0;5386,0;3,5;0,4863947847409122;0,32499798703627836
2024-12-20;5700,0;5290,0;3,5;0,4817588465213267;0,317017977713679
2024-12-20;5800,0;5193,0;3,5;0,47527059183340725;0,3091719461230596
2024-12-20;5900,0;5094,0;4,5;0,46566728347233055;0,3102644735116692
2024-12-20;6000,0;4997,0;4,5;0,45908709129079084;0,30247737985253276
2024-12-20;6100,0;4900,0;5,5;0,45240659605801353;0,30199891231571624
2024-12-20;6200,0;4803,0;6,5;0,445637390065304;0,30047703800951675
2024-12-20;6300,0;4706,0;6,5;0,43878945605236946;0,29274979288842873
2024-12-20;6400,0;4609,0;7,5;0,43187140409541236;0,2904513786177664
2024-12-20;6500,0;4514,0;8,5;0,42723377783975475;0,2875723516688778
2024-12-20;6600,0;4417,0;9,5;0,42011040332939553;0,2842334715448154
2024-12-20;6700,0;4319,0;10,5;0,4118566039410655;0,2805219958503775
2024-12-20;6800,0;4224,0;11,5;0,4067711057855608;0,2765031427766198
2024-12-20;6900,0;4127,0;14,0;0,3994866173225849;0,27688176219338767
2024-12-20;7000,0;4031,0;14,0;0,3931353506177706;0,26921246997793774
2024-12-20;7100,0;3935,0;15,0;0,3866852737522685;0,26443416046785484
2024-12-20;7200,0;3840,0;17,0;0,3810357705791267;0,26202182972675137
2024-12-20;7300,0;3743,0;18,0;0,37351771297090147;0,25681325612228784
2024-12-20;7400,0;3647,0;20,0;0,3668122915822525;0,25366662586256034
2024-12-20;7500,0;3551,0;22,0;0,36003240892741845;0,25014080593208055
2024-12-20;7600,0;3456,0;24,0;0,35395647346609327;0,24629348374119417
2024-12-20;7700,0;3358,0;28,0;0,3455136603556919;0,24548726703663193
2024-12-20;7800,0;3263,0;29,0;0,33928332077879314;0,2393732492192874
2024-12-20;7900,0;3168,0;33,0;0,3329406673277917;0,23756536606739567
2024-12-20;8000,0;3076,0;35,0;0,32850920427402985;0,23254830379568997
2024-12-20;8100,0;2983,0;38,0;0,3231809562263562;0,2286322752105668
2024-12-20;8200,0;2884,0;41,0;0,3139196837239426;0,22443557540604142
2024-12-20;8300,0;2793,0;45,0;0,3095768695172796;0,22107175210589414
2024-12-20;8400,0;2697,0;51,5;0,3020570221325107;0,2198246648975373
2024-12-20;8500,0;2604,0;54,0;0,29618398247639766;0,21423847412479438
2024-12-20;8600,0;2514,0;58,0;0,2917790878931584;0,20985299046461495
2024-12-20;8700,0;2419,0;65,0;0,28448497595155353;0,2076644661996926
2024-12-20;8800,0;2330,0;69,0;0,28015092958903837;0,2026612532676995
2024-12-20;8900,0;2239,0;76,0;0,2745544819623918;0,19961028628195024
2024-12-20;9000,0;2146,0;83,0;0,26780973860096985;0,19612048493266385
2024-12-20;9100,0;2056,0;91,0;0,26229404473833295;0,19286309077774033
2024-12-20;9200,0;1966,0;99,0;0,25655034072436866;0,1891739674774228
2024-12-20;9300,0;1879,0;109,0;0,2518596665004417;0,18619659008563436
2024-12-20;9400,0;1791,0;117,0;0,24645540592657242;0,18169228902693424
2024-12-20;9500,0;1704,0;128,0;0,24118119704253368;0,17833217687441866
2024-12-20;9600,0;1619,0;140,0;0,23638726219245051;0,17496449043371268
2024-12-20;9700,0;1535,0;152,0;0,23163319770360513;0,17110949213790078
2024-12-20;9800,0;1446,0;167,0;0,2247277901993744;0,16804843055883287
2024-12-20;9900,0;1364,0;182,0;0,220035930618921;0,16443181460960496
2024-12-20;10000,0;1284,0;199,0;0,21563832240294584;0,16104500399834157
2024-12-20;10100,0;1205,5;216,0;0,211315971967059;0,157089169226924
2024-12-20;10200,0;1127,5;237,0;0,20671128421761822;0,15396307571478315
2024-12-20;10300,0;1051,5;259,0;0,20228426932051954;0,15052167152730941
2024-12-20;10400,0;978,0;281,5;0,19814227112253252;0,14658645932542008
2024-12-20;10500,0;904,0;307,0;0,19333143541914324;0,1429189761757067
2024-12-20;10600,0;834,5;335,0;0,18932833302782495;0,13928257696262067
2024-12-20;10700,0;770,0;366,0;0,1862010181145025;0,13575691647694163
2024-12-20;10800,0;703,5;397,5;0,18186978267111034;0,13154910206819093
2024-12-20;10900,0;641,5;434,0;0,17818855395007002;0,12789589175103525
2024-12-20;11000,0;580,5;471,5;0,17411263851688985;0,12357127658300783
2024-12-20;11100,0;525,5;512,5;0,1710275622302721;0,1192035254632423
2024-12-20;11200,0;470,5;556,5;0,167192954406375;0,11454873599415182
2024-12-20;11300,0;423,0;607,0;0,16472573481546238;0,11052800617244712
2024-12-20;11400,0;376,5;659,0;0,16174768280210966;0,10554530689003219
2024-12-20;11500,0;323,5;716,0;0,1559581953342833;0,10049350115442124
2024-12-20;11600,0;295,0;770,0;0,15668164416720629;0,0922172536192926
2024-12-20;11700,0;258,0;833,0;0,15398743019551883;0,08424460322733972
2024-12-20;11800,0;229,0;897,0;0,1529949166285209;0,07138811024994546
2024-12-20;11900,0;198,0;970,0;0,1504714446399788;0,04384744979631488
2024-12-20;12000,0;171,0;1037,0;0,14840255611396208;
2024-12-20;12100,0;149,0;1113,0;0,14728635973631218;
2024-12-20;12200,0;126,0;1191,0;0,14485309833110704;
2024-12-20;12300,0;109,0;1268,0;0,14399944011797217;
2024-12-20;12400,0;94,0;1348,0;0,14322583452947488;
2024-12-20;12500,0;79,0;1433,0;0,14156615199912626;
2024-12-20;12600,0;68,0;1520,0;0,14115536650250785;
2024-12-20;12700,0;58,0;1608,0;0,14054922316510282;
2024-12-20;12800,0;51,0;1694,0;0,1411567233744665;
2024-12-20;12900,0;41,0;1788,0;0,13885470254623872;
2024-12-20;13000,0;35,0;1876,0;0,13872215740854488;
2024-12-20;13100,0;29,0;1969,0;0,13782442825458657;
2024-12-20;13200,0;24,0;2060,0;0,1370604951943436;
2024-12-20;13300,0;20,0;2154,0;0,13661377829868707;
2024-12-20;13400,0;17,0;2250,0;0,13674310173311893;
2024-12-20;13500,0;14,0;2345,0;0,13619600525094638;
2024-12-20;13600,0;11,5;2441,0;0,13569928243979568;
2024-12-20;13700,0;9,5;2537,0;0,1354136130010441;
2024-12-20;13800,0;8,5;2633,0;0,13677238196292754;
2025-03-21;5300,0;5670,0;3,5;0,4161390033465316;0,29751298879959287
2025-03-21;5400,0;5574,0;3,5;0,41378253966067935;0,29035577910452576
2025-03-21;5500,0;5479,0;4,5;0,41256946665184474;0,29150746037830155
2025-03-21;5600,0;5383,0;5,5;0,40921934432171536;0,29124765123052926
2025-03-21;5700,0;5287,0;5,5;0,40553554863884383;0,28414043149286483
2025-03-21;5800,0;5191,0;6,5;0,4015646838384298;0,28289707130234554
2025-03-21;5900,0;5095,0;7,5;0,3973448869386666;0,2809498756398494
2025-03-21;6000,0;4999,0;8,5;0,3929077217885272;0,27846448485302255
2025-03-21;6100,0;4903,0;9,5;0,3882795635717906;0,275555296366384
2025-03-21;6200,0;4808,0;10,5;0,38457684518673413;0,2723048747019338
2025-03-21;6300,0;4712,0;13,0;0,3795812227344094;0,2735400737916852
2025-03-21;6400,0;4617,0;14,0;0,37545005489981564;0,2694416053285082
2025-03-21;6500,0;4521,0;15,0;0,37016653563054674;0,26518828803236244
2025-03-21;6600,0;4426,0;17,0;0,36569105232032606;0,2632561376991391
2025-03-21;6700,0;4331,0;19,0;0,36104802198079805;0,26084814369990106
2025-03-21;6800,0;4236,0;21,0;0,3562536409561317;0,2580506889816829
2025-03-21;6900,0;4142,0;23,0;0,3521190737561849;0,2549285653603001
2025-03-21;7000,0;4047,0;26,0;0,3470307076963145;0,25324880463958915
2025-03-21;7100,0;3953,0;27,0;0,342563672090975;0,24789928990222673
2025-03-21;7200,0;3859,0;30,0;0,3379359972064101;0,24556918221796256
2025-03-21;7300,0;3765,0;33,0;0,3331608299947532;0,2428578287505051
2025-03-21;7400,0;3671,0;36,0;0,3282495100515008;0,2398226238971016
2025-03-21;7500,0;3579,0;39,0;0,32446295503426875;0,23650835302193235
2025-03-21;7600,0;3484,0;43,0;0,31866052072023426;0,23406948659769572
2025-03-21;7700,0;3388,0;47,0;0,3122051970907407;0,2312734164843506
2025-03-21;7800,0;3295,0;51,0;0,3074195817009593;0,22816809577193453
2025-03-21;7900,0;3205,0;55,0;0,3041230843988182;0,22479149308871468
2025-03-21;8000,0;3113,0;60,0;0,2995341944134641;0,22202862184605945
2025-03-21;8100,0;3020,0;65,0;0,29428533020655673;0,21895049984546514
2025-03-21;8200,0;2930,0;69,0;0,2903816883613337;0,21483798706802434
2025-03-21;8300,0;2839,0;75,0;0,28580109903106243;0,21198499839534032
2025-03-21;8400,0;2745,0;81,0;0,2796948036008679;0,2088216762626875
2025-03-21;8500,0;2655,0;88,0;0,2752776150617824;0,206011238648367
2025-03-21;8600,0;2566,0;95,0;0,27110336152799613;0,20287940515776345
2025-03-21;8700,0;2477,0;106,0;0,26672781469085516;0,20169089928643744
2025-03-21;8800,0;2386,0;111,0;0,2613657230809268;0,19683449367985145
2025-03-21;8900,0;2302,0;119,0;0,25855920694015416;0,19335460377356387
2025-03-21;9000,0;2215,0;130,0;0,2543362072538497;0,191033452874774
2025-03-21;9100,0;2129,0;139,0;0,2502561055836039;0,18741373887759671
2025-03-21;9200,0;2043,0;152,0;0,24594508267963144;0,18523719893398094
2025-03-21;9300,0;1958,0;163,0;0,24174867754773302;0,1818248944559948
2025-03-21;9400,0;1874,0;176,0;0,23764335172889717;0,17887808690187593
2025-03-21;9500,0;1791,0;190,0;0,23360712695779373;0,1759381664021447
2025-03-21;9600,0;1704,0;204,0;0,2280689374637819;0,17262421944286033
2025-03-21;9700,0;1623,0;220,0;0,22415230550768764;0,16963508113481812
2025-03-21;9800,0;1545,0;237,0;0,22083176634077004;0,1665782777759058
2025-03-21;9900,0;1465,0;252,0;0,2166124108051305;0,1624953995236851
2025-03-21;10000,0;1390,0;271,5;0,2135002817987345;0,15942816257161793
2025-03-21;10100,0;1314,0;292,5;0,2097608521866622;0,15636516872656167
2025-03-21;10200,0;1238,5;315,5;0,20581843879283168;0,15341451265277922
2025-03-21;10300,0;1165,5;339,0;0,2021903386905006;0,15012457642872223
2025-03-21;10400,0;1094,0;363,5;0,19858112286549365;0,1466225457089408
2025-03-21;10500,0;1022,5;391,5;0,19458921419789174;0,1435328457968554
2025-03-21;10600,0;955,5;422,5;0,19133453041005088;0,1406624621060114
2025-03-21;10700,0;891,0;452,0;0,1882727461831893;0,136845566774785
2025-03-21;10800,0;828,0;485,5;0,18513366379259363;0,1334300944550059
2025-03-21;10900,0;770,5;522,5;0,1828715382080314;0,13023427165531654
2025-03-21;11000,0;707,0;561,5;0,17867400636007874;0,12684706718185534
2025-03-21;11100,0;652,0;600,0;0,17603926369699796;0,12261764775947441
2025-03-21;11200,0;600,0;645,5;0,17361564475378136;0,1193079017870326
2025-03-21;11300,0;550,0;692,5;0,17114875920002476;0,11552866814840576
2025-03-21;11400,0;501,0;741,0;0,16838034970192944;0,11119295582099527
2025-03-21;11500,0;456,0;799,0;0,16603446588101092;0,10830689706150592
2025-03-21;11600,0;418,0;856,0;0,16487826119563745;0,10407723193293253
2025-03-21;11700,0;378,0;909,0;0,1626555678079857;0,09726529356491391
2025-03-21;11800,0;343,0;973,0;0,16114694160039522;0,09203686682175796
2025-03-21;11900,0;307,0;1035,0;0,1587809419130659;0,08372840494389361
2025-03-21;12000,0;279,0;1098,0;0,15801006911501944;0,07089949858513478
2025-03-21;12100,0;249,0;1169,0;0,15610192491315045;0,034510275836765615
2025-03-21;12200,0;221,0;1236,0;0,15414790490278593;
2025-03-21;12300,0;197,0;1309,0;0,15279092823231302;
2025-03-21;12400,0;176,0;1384,0;0,15180472611562376;
2025-03-21;12500,0;157,0;1463,0;0,15092176462083065;
2025-03-21;12600,0;137,0;1543,0;0,1490720819610594;
2025-03-21;12700,0;120,0;1625,0;0,14768715232320972;
2025-03-21;12800,0;106,0;1702,0;0,14689959351738446;
2025-03-21;12900,0;95,0;1786,0;0,14687381568321606;
2025-03-21;13000,0;83,0;1871,0;0,1458740333072444;
2025-03-21;13100,0;73,0;1960,0;0,1452845749815492;
2025-03-21;13200,0;63,0;2045,0;0,14411939299700882;
2025-03-21;13300,0;55,0;2138,0;0,14351174935105962;
2025-03-21;13400,0;51,0;2228,0;0,1449878121093945;
2025-03-21;13500,0;41,0;2316,0;0,1419116413395078;
2025-03-21;13600,0;36,0;2410,0;0,14177238352434227;
2025-03-21;13700,0;31,0;2499,0;0,14114136688635584;
2025-03-21;13800,0;27,0;2592,0;0,1409040138546381;
2025-06-20;5000,0;5838,0;5,5;;0,2979827309488249
2025-06-20;5100,0;5741,0;6,5;;0,29687013270736295
2025-06-20;5200,0;5646,0;7,5;;0,2950525496686179
2025-06-20;5300,0;5552,0;8,5;;0,29270032078189934
2025-06-20;5400,0;5457,0;9,5;;0,2899308386314803
2025-06-20;5500,0;5362,0;10,5;;0,2868286330562881
2025-06-20;5600,0;5267,0;11,5;;0,2834566560478631
2025-06-20;5700,0;5173,0;14,0;;0,28441653046145343
2025-06-20;5800,0;5078,0;15,0;;0,28033675157818866
2025-06-20;5900,0;4981,0;16,0;;0,2761370684082213
2025-06-20;6000,0;4889,0;18,0;;0,2742156183821957
2025-06-20;6100,0;4795,0;20,5;;0,2729360123749234
2025-06-20;6200,0;4701,0;22,0;;0,2691866820201828
2025-06-20;6300,0;4607,0;24,0;;0,26621241424598124
2025-06-20;6400,0;4514,0;28,0;;0,2663394847397563
2025-06-20;6500,0;4419,0;30,0;;0,26270840353463953
2025-06-20;6600,0;4326,0;31,0;;0,25745925618168786
2025-06-20;6700,0;4233,0;34,0;0,17166050238857025;0,25499768414264673
2025-06-20;6800,0;4140,0;37,0;0,2007554955521578;0,25224040868869874
2025-06-20;6900,0;4047,0;40,0;0,21253841552391134;0,24922950117673692
2025-06-20;7000,0;3954,0;44,0;0,21930610447204218;0,247114886502479
2025-06-20;7100,0;3861,0;47,0;0,22344659259923308;0,24362824591800541
2025-06-20;7200,0;3768,0;51,0;0,22591220422090147;0,24096322970437786
2025-06-20;7300,0;3677,0;56,0;0,22924960563174343;0,23895932692626526
2025-06-20;7400,0;3586,0;60,0;0,23126476950829628;0,2357615296563779
2025-06-20;7500,0;3491,0;65,0;0,22896794458585293;0,23318192967373935
2025-06-20;7600,0;3400,0;68,0;0,22949741679232827;0,228802978890311
2025-06-20;7700,0;3312,0;75,0;0,23144460837817182;0,22726558704500974
2025-06-20;7800,0;3220,0;79,0;0,2299203423828945;0,22329655092365933
2025-06-20;7900,0;3130,0;85,0;0,22923544450685332;0,22051213574958006
2025-06-20;8000,0;3042,0;92,0;0,22920651976636808;0,21810293777888734
2025-06-20;8100,0;2953,0;99,0;0,22809772916276;0,21541367211498125
2025-06-20;8200,0;2862,0;106,5;0,22557068395520577;0,21274803088402736
2025-06-20;8300,0;2773,0;114,0;0,2237354864112076;0,2098271063620313
2025-06-20;8400,0;2685,0;122,0;0,22202113888096897;0,2069223686516728
2025-06-20;8500,0;2598,0;130,0;0,22039411886544066;0,203781334060726
2025-06-20;8600,0;2512,0;141,0;0,2188262951529514;0,20177301160088368
2025-06-20;8700,0;2426,0;150,0;0,21690380037375895;0,19858308199552221
2025-06-20;8800,0;2343,0;161,0;0,21577788628861905;0,19599007221305975
2025-06-20;8900,0;2258,0;173,0;0,21354819199238845;0,19350934221552726
2025-06-20;9000,0;2174,0;187,0;0,21136242969920388;0,1914808417264275
2025-06-20;9100,0;2091,0;199,0;0,20920202625704365;0,18840850895077477
2025-06-20;9200,0;2010,0;212,0;0,20736762523394628;0,18542675059687178
2025-06-20;9300,0;1923,0;229,0;0,20336265567864778;0,18348975666304443
2025-06-20;9400,0;1843,0;249,0;0,20124113685877676;0,1821391348961052
2025-06-20;9500,0;1764,0;261,0;0,19908603560722613;0,17798025601102357
2025-06-20;9600,0;1687,0;277,0;0,19716437418955254;0,1747833531564384
2025-06-20;9700,0;1610,0;296,0;0,19490413348992663;0,17215221245179285
2025-06-20;9800,0;1536,0;319,0;0,19310480491689105;0,17028223329923944
2025-06-20;9900,0;1460,0;339,0;0,19044574610557194;0,16724244568511332
2025-06-20;10000,0;1388,0;363,0;0,1884656979407254;0,16490493423287572
2025-06-20;10100,0;1316,0;388,0;0,1861349483254945;0,16244666070738412
2025-06-20;10200,0;1242,0;412,0;0,18299066683868062;0,15937615570665803
2025-06-20;10300,0;1174,0;441,0;0,18092359601385458;0,15713010353061052
2025-06-20;10400,0;1107,0;471,0;0,17871943331943377;0,15471090245609484
2025-06-20;10500,0;1042,0;498,0;0,17659676878182784;0,15120712369446257
2025-06-20;10600,0;980,0;532,0;0,1747606116509143;0,14887284662828643
2025-06-20;10700,0;920,0;567,0;0,1729705233606024;0,14631778581328378
2025-06-20;10800,0;857,0;605,0;0,17013291944747302;0,143962629132667
2025-06-20;10900,0;803,0;641,0;0,16884064327108866;0,14070746128622671
2025-06-20;11000,0;747,0;683,0;0,16670232665913165;0,1382553488919721
2025-06-20;11100,0;696,0;728,0;0,16521473202909343;0,13593500067507922
2025-06-20;11200,0;647,0;775,0;0,1637279987827802;0,13351348335868268
2025-06-20;11300,0;596,0;821,0;0,16137826628036633;0,13032027192465453
2025-06-20;11400,0;554,0;872,0;0,16052626360233832;0,12762420865621865
2025-06-20;11500,0;508,0;928,0;0,15836432232120773;0,12542631908539692
2025-06-20;11600,0;469,0;985,0;0,15728339102432784;0,12282508198607851
2025-06-20;11700,0;431,5;1038,0;0,15609190068220735;0,11857825055979157
2025-06-20;11800,0;395,0;1099,0;0,1546737408262728;0,11544505370768807
2025-06-20;11900,0;361,0;1163,0;0,15337126239792725;0,11224599033188341
2025-06-20;12000,0;328,0;1228,0;0,15183676458621406;0,10838771266327812
2025-06-20;12100,0;300,0;1295,0;0,15105059577877955;0,10399311868603983
2025-06-20;12200,0;272,0;1364,0;0,1498115480236511;0,09885511074174105
2025-06-20;12300,0;247,0;1431,0;0,14888206869486081;0,09093564723233016
2025-06-20;12400,0;224,0;1504,0;0,14803564828023558;0,08216901729743199
2025-06-20;12500,0;203,0;1579,0;0,14729938665573408;0,0669856063789723
2025-06-20;12600,0;184,0;1658,0;0,14670672009483202;
2025-06-20;12700,0;164,0;1737,0;0,14535282124871016;
2025-06-20;12800,0;149,0;1817,0;0,14513312857444519;
2025-06-20;12900,0;132,0;1893,0;0,14380530614186196;
2025-06-20;13000,0;119,0;1981,0;0,14342703334874596;
2025-06-20;13100,0;106,0;2062,0;0,1426245280889661;
2025-06-20;13200,0;96,0;2144,0;0,14260153204445788;
2025-06-20;13300,0;87,0;2235,0;0,14264726750281942;
2025-06-20;13400,0;76,0;2320,0;0,14138283978971228;
2025-06-20;13500,0;68,0;2405,0;0,1411000703144885;
2025-06-20;13600,0;61,0;2494,0;0,1409615795984127;
2025-09-19;9700,0;;355,0;;0,1708441491626226
2025-09-19;9800,0;;377,0;;0,16843269957147036
2025-09-19;9900,0;;400,0;;0,16596995098234357
2025-09-19;10000,0;;425,0;;0,1636721139883902
2025-09-19;10100,0;1368,0;451,0;0,18009764509725787;0,1612916002441302
2025-09-19;10200,0;1300,0;478,0;0,1782971392052764;0,1588198034282575
2025-09-19;10300,0;1233,0;507,0;0,17639698452952768;0,15645891617599644
2025-09-19;10400,0;1168,0;537,0;0,17459887303208452;0,15398001798449507
2025-09-19;10500,0;1105,0;569,0;0,17288920209243563;0,15157771429771347
2025-09-19;10600,0;1043,0;603,0;0,17105600183095848;0,14923269491375393
2025-09-19;10700,0;982,0;638,0;0,16909550284437747;0,1467289980487391
2025-09-19;10800,0;924,0;675,0;0,16739560963680988;0,14425217130198553
2025-09-19;10900,0;867,0;713,0;0,16555249264413446;0,14159011778522157
2025-09-19;11000,0;812,0;754,0;0,16375562526226933;0,13911665854462624
2025-09-19;11100,0;759,0;796,0;0,16199755559217768;0,13642511415749972
2025-09-19;11200,0;709,0;842,0;0,16046586081686726;0,13408037089655944
2025-09-19;11300,0;662,0;890,0;0,15915679607386315;0,13167891093850548
2025-09-19;11400,0;617,0;;0,15787491841333295;
2025-12-19;7700,0;;26,0;;0,15226840269014674
2025-12-19;9900,0;;461,0;;0,1658548885355266
2025-12-19;10000,0;1474,0;488,0;0,17504410967273867;0,16382889593891617
2025-12-19;10100,0;1407,0;515,0;0,17371432737894438;0,16153610313774733
2025-12-19;10200,0;1341,0;544,0;0,17229684240814788;0,1593759504863789
2025-12-19;10300,0;1277,0;575,0;0,1709820989519936;0,15732952181352322
2025-12-19;10400,0;1214,0;606,0;0,1695701035142122;0,15500019369016463
2025-12-19;10500,0;1152,0;640,0;0,16805940866028787;0,15295118432524396
2025-12-19;10600,0;1092,0;674,0;0,16663227395125768;0,1506056734106174
2025-12-19;10700,0;1034,0;711,0;0,1652804339907521;0,14851040169331764
2025-12-19;10800,0;977,0;748,0;0,1638160305034008;0,14610360987797688
2025-12-19;10900,0;921,0;788,0;0,16223689112759168;0,14391962128066627
2025-12-19;11000,0;868,0;829,0;0,16089811256443326;0,1415847585070202
2025-12-19;11100,0;817,0;872,0;0,15961447829363234;0,13926694186142605
2025-12-19;11200,0;768,0;918,0;0,1583828954302128;0,13713250423681247
2025-12-19;11300,0;721,0;967,0;0,15720138251602483;0,13517143895564293
2025-12-19;11400,0;677,0;;0,15624875547731282;
2025-12-19;12000,0;349,5;;0,13113517780938658;
2026-03-20;9900,0;;512,0;;0,16451888583707933
2026-03-20;10000,0;;539,0;;0,16240789392814844
2026-03-20;10100,0;1478,0;568,0;0,17502845621111712;0,1604407856351037
2026-03-20;10200,0;1413,0;598,0;0,17365608979071107;0,15841820474961185
2026-03-20;10300,0;1350,0;629,0;0,17239749661393947;0,1563344009048605
2026-03-20;10400,0;1289,0;661,0;0,1712432554978293;0,15418338521784897
2026-03-20;10500,0;1228,0;695,0;0,16983833255180075;0,15213278765747465
2026-03-20;10600,0;1169,0;730,0;0,16853090189868236;0,1499975623153276
2026-03-20;10700,0;1112,0;767,0;0,1673140846696004;0,14794130589648086
2026-03-20;10800,0;1056,0;805,0;0,16601347025993507;0,1457837865630697
2026-03-20;10900,0;1001,0;844,0;0,16462772760840882;0,1435177808055956
2026-03-20;11000,0;948,0;886,0;0,16332206690602694;0,14146854034593404
2026-03-20;11100,0;897,0;929,0;0,16209271732571048;0,13929120805676987
2026-03-20;11200,0;848,0;974,0;0,160937016755698;0,1371431577676772
2026-03-20;11300,0;802,0;;0,16002001247191294;
2026-03-20;11400,0;757,0;;0,15900843675934578;
2026-06-19;10000,0;;609,0;;0,16510090594276566
2026-06-19;10100,0;1464,0;639,0;0,16213250337499469;0,16318945795116627
2026-06-19;10200,0;1403,0;671,0;0,16156472957114693;0,16141145658249992
2026-06-19;10300,0;1342,0;704,0;0,1607430664545632;0,15958625827617645
2026-06-19;10400,0;1283,0;739,0;0,1600071305873202;0,15787484065396665
2026-06-19;10500,0;1225,0;775,0;0,1591881289978916;0,1561031712802607
2026-06-19;10600,0;1169,0;812,0;0,1584484995360015;0,15426724784000337
2026-06-19;10700,0;1114,0;850,0;0,1576243574391362;0,15236270675321859
2026-06-19;10800,0;1060,0;890,0;0,1567165596320861;0,15054339754591314
2026-06-19;10900,0;1008,0;931,0;0,15588323109206395;0,148643340600558
2026-06-19;11000,0;958,0;975,0;0,15512216091092998;0,1469713567055174
2026-06-19;11100,0;910,0;1020,0;0,15443219520699064;0,1452059317260425
2026-06-19;11200,0;863,0;1067,0;0,15365669536447932;0,1434985665217847
2026-06-19;11300,0;819,0;;0,15310950741275192;
2026-09-18;10100,0;;689,0;;0,1626494676811744
2026-09-18;10200,0;;722,0;;0,16099459224408053
2026-09-18;10300,0;1383,5;756,0;0,15873300762765294;0,15930303854737543
2026-09-18;10400,0;1326,0;791,0;0,1581804769040391;0,15757113663689748
2026-09-18;10500,0;1269,5;827,5;0,15755518237327135;0,1558723127594421
2026-09-18;10600,0;1214,0;865,5;0,1568587091375177;0,15420020916767077
2026-09-18;10700,0;1160,5;904,5;0,15624368198246671;0,15247323657513925
2026-09-18;10800,0;1108,0;945,0;0,1555572527449281;0,15076277235550445
2026-09-18;10900,0;1057,0;987,0;0,15487528197974837;0,14906334165321972
2026-09-18;11000,0;1007,5;1030,5;0,15419754982933295;0,14736975909727035
2026-09-18;11100,0;960,0;1076,0;0,1535983250420783;0,14575122269192675
2026-09-18;11200,0;915,0;;0,15315177246531061;
2026-09-18;11300,0;871,0;;0,15263666757497135;
2026-12-18;10200,0;;774,0;;0,16116267626793015
2026-12-18;10300,0;1411,0;809,0;0,15521373782571002;0,15959216458179826
2026-12-18;10400,0;1355,0;845,0;0,15485622333956492;0,15799072342210674
2026-12-18;10500,0;1300,0;883,0;0,15443117731955913;0,15650207764031268
2026-12-18;10600,0;1246,0;921,0;0,1539408221415048;0,15482781981580432
2026-12-18;10700,0;1194,0;961,0;0,1535311754267115;0,15325727177254975
2026-12-18;10800,0;1143,0;1003,0;0,15305752930885946;0,15178375414937967
2026-12-18;10900,0;1093,0;1045,0;0,15252171152601132;0,1501170457770438
2026-12-18;11000,0;1045,0;1090,0;0,1520669136524817;0,1486811534252009
2026-12-18;11100,0;999,0;1136,0;0,1516930816341479;0,14718735402537167
2026-12-18;11200,0;955,0;1184,0;0,1514010546195166;0,14577381060521058
2026-12-18;11400,0;872,0;;0,1509289805948323;
